Title,keyword,Published Date
40 Best Help Authoring Software and Tools for 2024,Technical Communication, 1/3/2024
The Future of Technical Writing: Trends and Technologies to Watch in 2024,Technical Communication, 12/27/2023
Will AI Destroy Jobs or Create New Ones?,Technical Communication, 12/20/2023
ClickHelp December 2023 Amber Update Overview,ClickHelp News, 12/13/2023
The Dos and Don'ts of Writing API Documentation,Technical Communication, 12/6/2023
ClickHelp for Startups: Unleash Your Full Potential,ClickHelp News, 11/29/2023
5 Biggest Mistakes When Creating a Knowledge Base,ClickHelp Features, 11/22/2023
Effective Product Documentation,Technical Writing, 11/15/2023
Collaboration Between Technical Writers and Developers,Technical Communication, 11/8/2023
Glossaries: Streamlining Communication and Efficiency,Technical Writing, 11/1/2023
Don’t Lose Your Job to ChatGPT,Technology, 10/26/2023
How to Create a Technical Writing Style Guide,Technical Writing, 10/18/2023
Maximizing ChatGPT for Technical Writing,Technical Writing, 10/11/2023
Overcoming LMS Content Management Challenges,Education, 10/4/2023
Microlearning: A Comprehensive Guide,Education, 9/27/2023
"From Summarization to Ideation: Watch Top AI Text Generators Tackle Understanding, Rewriting and Generating Content",Technology, 9/20/2023
Secrets of Successful Technical Writing Using ClickHelp: Insights from Seasoned Specialist Mridula Menon at GreyOrange,ClickHelp Features, 9/13/2023
"TechComm Conferences, 2023: Don’t Forget to Sign Up",Education, 8/30/2023
Technical Writer Salaries in 2023: What to Expect,TechComm Career Path, 8/23/2023
Mastering the Art of Scenario-Based Writing,Technical Writing, 8/16/2023
Unlocking Team Collaboration with Online Documentation Tools,Technical Writing, 8/9/2023
Creating Secure and Access-Controlled Public Docs,Technical Writing, 8/2/2023
2023 API Survey by Postman: Key Findings and Perspectives,Technical Communication, 7/26/2023
Implementing Multi-Channel Publishing to Optimize Your Online Presence,Technical Writing, 7/19/2023
Managing Technical Writing Teams: Tips for Performance Evaluation,ClickHelp Features, 7/12/2023
"There’s UX Writing and Technical Writing, What’s the Difference",Technical Communication, 7/5/2023
Give Your Images a Voice with Proper Alt Text,Technical Communication, 6/28/2023
Social Media to Promote Your Documentation,Technical Communication, 6/21/2023
Importance of Document Version Control in Technical Writing,Technical Writing, 6/15/2023
The Advantages of Using Templates in Technical Writing,Technical Writing, 6/7/2023
Creating a Taxonomy from the Ground Up with Findability in Focus,Technical Writing, 5/31/2023
How to Work with PDF Files: Editing and Translating,Technical Writing, 5/26/2023
Maximizing User Satisfaction: Improving Technical Documentation with User Feedback,Technical Communication, 5/25/2023
What Is a Business Requirements Document,Technical Writing, 5/17/2023
Top Features to Look For in an Online Documentation Tool,Technical Writing, 5/10/2023
70 Years of Educating Technical Writers: The STC Story,Technical Communication, 5/3/2023
ClickHelp April 2023 Blossom Update Overview,ClickHelp News, 4/27/2023
How to Develop an Employee Handbook,Technical Writing, 4/19/2023
Documentation Portal Design: Why Is It Important and How to Create Stunning One,ClickHelp Features, 4/12/2023
Improve Readability With Flesch-Kincaid Grade Level,Technical Writing, 4/5/2023
Structured Authoring Environments and Pharma Industry,Technical Writing, 3/30/2023
How to Create Sales Documentation,Technical Writing, 3/22/2023
What Is a Market Requirements Document?,Technical Writing, 3/15/2023
Swagger for Technical Writers: Benefits and One Big Limitation,ClickHelp Features, 3/9/2023
"ClickHelp Steals the Show at MEGAComm 2023: Git, OpenAPI, Confluence",ClickHelp News, 3/1/2023
Who Is a Product Manager?,TechComm Career Path, 2/22/2023
ChatGPT for Technical Writing Purposes,Technology, 2/15/2023
How to Migrate From Confluence to ClickHelp,ClickHelp Features, 2/8/2023
How to Announce New Features Efficiently,Technical Writing, 2/1/2023
How to Create an Ebook?,Technical Writing, 1/25/2023
How to Create a Proposal Style Guide?,Technical Writing, 1/18/2023
TechComm Conferences in 2023,Technical Communication, 1/11/2023
What Is a Product Requirements Document (PRD)?,Technical Writing, 1/4/2023
7 New Year's Resolutions for Technical Writers,Technical Writing, 12/28/2022
Tech Trends 2023,Technical Writing, 12/21/2022
Document Design in Technical Writing,Technical Communication, 12/14/2022
Product Knowledge for Technical Writers: Is It Important?,Self-Development, 12/7/2022
ClickHelp November 2022 Wave Update Overview,ClickHelp News, 11/29/2022
"Information Products: Definition, Types, Examples",Technical Writing, 11/23/2022
Who Is a Document Reviewer?,TechComm Career Path, 11/16/2022
Outsourcing in Technical Writing: Pros and Cons,Technical Writing, 11/9/2022
Introduction to Release Management,Technical Writing, 11/2/2022
"Dreadful Deadlines, Spooky Structures, and Other Fears of Tech Writers",Technical Writing, 10/28/2022
2022 API Survey by Postman: Points of Interest,Technical Writing, 10/26/2022
What Is a Product Launch Plan?,Technical Writing, 10/19/2022
Component Authoring and Technical Writing,Technical Writing, 10/12/2022
How to Optimize Content for Search Engines,SEO Lifehacks, 10/5/2022
Top 5 Courses for Technical Writers,TechComm Career Path, 9/28/2022
Documentation Strategy Explained,Technical Writing, 9/21/2022
Who Is a Documentation Engineer?,Technical Writing, 9/14/2022
How to Create a Mobile Application Requirement Document,Technical Writing, 9/7/2022
Best Tools to Create and Manage Technical Documentation,Technical Writing, 8/31/2022
How to Measure and Increase Case Deflection,Technical Writing, 8/24/2022
How Can Data Analytics Help Technical Writers,Technical Writing, 8/17/2022
"Knowledge Manager: The Role, Responsibilities, and Hiring Guide",TechComm Career Path, 8/10/2022
Best Practices for Creating Developer Documentation,Technical Communication, 8/3/2022
Teamwork Process Across Different Time Zones,Technical Communication, 7/27/2022
Things You Absolutely Need to Know to Create a Help Center,Technical Writing, 7/20/2022
Tips to Write a Perfect Technical Writer Resume,Technical Writing, 7/13/2022
ClickHelp July 2022 Echo Update Overview,ClickHelp News, 7/8/2022
Who Is an API Technical Writer?,Technical Writing, 6/29/2022
Content Usability and Contexts,Technical Writing, 6/22/2022
What Are the Advantages of Online Documentation?,ClickHelp Features, 6/15/2022
How to Use Technical Content to Improve Customer Experience,Technical Writing, 6/8/2022
Tech Comm Conferences for the Second Half of 2022,Technical Communication, 6/1/2022
How to Write Awesome Internal Documentation?,Technical Writing, 5/25/2022
How Can Translation Boost Your Business,Translations, 5/18/2022
Cloud vs On-Premise Documentation Management System,Technology, 5/4/2022
Simplified Technical English (STE): Rules and Examples,Technical Writing, 4/29/2022
Automotive Technical Writer: Job Description,Technical Writing, 4/27/2022
Must-Follow Best Practices to Create an Internal Wiki for Your Company,Technical Writing, 4/20/2022
"Knowledge Base Articles: Types, Creating, and Examples of KB Articles",Technical Writing, 4/13/2022
"Technical Writing Manager: Definition, Responsibilities, Job Description",Technical Writing, 4/6/2022
White Paper: How to Write It and What Is It For?,Technical Writing, 3/30/2022
Quick Start Guide: What Is It and How to Write a QSG?,Technical Writing, 3/23/2022
"Content Strategist Job Description: Responsibilities, Skills, Career Path",Technical Communication, 3/16/2022
Good and Bad Technical Documentation Examples,Technical Writing, 3/11/2022
Popular Documentation Myths Busted with ClickHelp,ClickHelp News, 3/10/2022
SDK Documentation: What Is It and What Is the Difference Between SDK and API?,Technical Writing, 3/9/2022
"Content Modeling for Technical Writing: Definition, Importance, Creating",Technical Communication, 3/2/2022
11 Skills of a Good Technical Writer,Self-Development, 2/28/2022
"Troubleshooting Guide: Definition, Importance, and Tips for Creating",Technical Writing, 2/24/2022
"Release Notes: Definition, Examples, How to Create Release Notes?",Technical Writing, 2/16/2022
ClickHelp Partnership With Tech-Tav,ClickHelp News, 2/9/2022
What Is Document Indexing and How It Helps to Find Information,Technical Writing, 2/2/2022
"Technical vs. Academic, Creative, Business, and Literary Writing: What Is the Difference?",Technical Writing, 1/26/2022
"Operation and Maintenance Manual: Definition, Benefits, Creation",Technical Writing, 1/19/2022
How to Write Comprehensive Instructions for Use for Medical Devices,Technical Writing, 1/12/2022
Tech Trends in 2022,Technology, 1/5/2022
Conferences to Attend for Technical Writers in 2022,Education, 12/29/2021
"Help Authoring Tools, MS Word, and Google Docs",Technical Writing, 12/22/2021
"Processes, Procedures, and Work Instructions: Differences and Basic Principles",Technical Writing, 12/15/2021
How to Search for Keywords for Technical Texts?,SEO Lifehacks, 12/8/2021
Tips for Managing Technical Translations,Translations, 12/1/2021
Who Is a UX Writer and What Skills Do They Need?,Technical Communication, 11/24/2021
How to Create an Online User Guide,Technical Writing, 11/17/2021
How to Write Policies and Procedures,Technical Writing, 11/10/2021
How to Write Good Product Descriptions,Technical Writing, 11/3/2021
Micro Content in Technical Writing,Technical Writing, 10/27/2021
"Technical Editor: Role, Skills, and Responsibilities",Technical Communication, 10/20/2021
"Visual Instructions: Benefits, Industries, Tips",Technical Communication, 10/13/2021
How to Test the Usability of Technical Documents,Technical Writing, 10/6/2021
"Who Is a Technical Writer: Skills, Salary, and Job Description",Technical Writing, 9/29/2021
Writing a Technical Description: Best Practices,HTML & CSS tips, 9/22/2021
All You Need to Know About Software Localization,ClickHelp Features, 9/15/2021
Create Note Boxes in Online Documentation with HTML and CSS,HTML & CSS tips, 9/8/2021
How to Create an Instruction Manual?,Technical Writing, 9/1/2021
10 Most Important Skills of a Technical Communicator,Technical Communication, 8/25/2021
Scrum vs Kanban Methodology in Software Documentation,Technical Writing, 8/18/2021
How to Write a Technical Report?,Technical Writing, 8/11/2021
Implementing Structured Authoring,Technical Writing, 8/4/2021
How to Write a Software Design Document (SDD)?,Technical Writing, 7/28/2021
Collaborative vs. Topic-Based Authoring,Technical Writing, 7/21/2021
Document Development Life Cycle (DDLC) for Technical Writers,Technical Writing, 7/14/2021
Machine Translation Challenges,Technical Writing, 7/7/2021
Technical Writing Organizations,Technical Communication, 6/30/2021
ClickHelp June 2021 Rainbow Update Overview,ClickHelp News, 6/24/2021
ClickHelp News and Awards,ClickHelp News, 6/17/2021
Integration with Third-Party Tools: Why Do We Need It?,Technology, 6/9/2021
Single-Sourced Content Localization,Technical Writing, 6/2/2021
Best Tips for Getting Your Technical Documentation Translated,Technical Writing, 5/26/2021
Starting a New Project: Tools of a Technical Writer,Technical Writing, 5/20/2021
Must-Have SaaS Products for a Startup,Technology, 5/13/2021
Tech Writing Terms: Origin and History,Technical Writing, 5/5/2021
Remote Onboarding Guide: Tools and Processes for Success,Technical Communication, 4/28/2021
Virtual Reality and Technical Communication,Technical Communication, 4/21/2021
Technical Drawing in Technical Writing,Technical Writing, 4/14/2021
Webinar: ClickHelp as a DITA Alternative,ClickHelp News, 4/7/2021
QR Codes for Technical Communication,Technical Communication, 3/31/2021
How to Write Standard Operating Procedures?,Technical Writing, 3/24/2021
10 Free Markdown Text Editors,Technical Communication, 3/17/2021
Tips to Make Instructional Videos,Technical Communication, 3/11/2021
Types of Technical Documentation,Technical Writing, 3/4/2021
Content Is King!... Or Queen?,Technical Writing, 3/3/2021
How to Manage Your Technical Writing Backlog,Technical Writing, 2/24/2021
"Markdown: History, Development, Aspects",Technical Writing, 2/17/2021
Using Diagrams in IT Documentation: Best Practices,Technical Writing, 2/10/2021
Online Conferences for Technical Writers 2021,TechComm Career Path, 2/3/2021
Latest Tips on Using Video Content in Technical Documentation,Technical Writing, 1/27/2021
Succeeding as a Technical Writer,TechComm Career Path, 1/20/2021
ClickHelp as a DITA Alternative,ClickHelp Features, 1/13/2021
Careers of the Future in the Software Field,Technology, 1/6/2021
2021 Trends in Technical Writing and Software Documentation,Technical Communication, 12/30/2020
Looking Back on 2020 with ClickHelp,ClickHelp News, 12/23/2020
Should You Restrict Access to Your Online User Guides?,Technical Writing, 12/16/2020
Best Tips to Create Valuable Software Documentation,Technical Writing, 12/10/2020
Tracking Technical Writing Tasks When Working with Other Departments,Technical Writing, 11/25/2020
Can a Robot Write Technical Documentation?,Technical Writing, 11/18/2020
Software Documentation in the SaaS World,Technical Writing, 11/11/2020
Technical Documentation in the Era of IT Security,Technical Writing, 11/3/2020
Guidelines for Naming Files,Technical Writing, 10/28/2020
What is RFP Writing?,Technical Writing, 10/21/2020
How to Overcome Anxiety Over Mistakes at Work,Self-Development, 10/14/2020
Tips to Write Software Manuals,Technical Writing, 10/7/2020
Technical Specs: Practical Guide,Technical Writing, 9/30/2020
Burnout Recovery Strategies for Technical Writers,TechComm Career Path, 9/23/2020
Where Should I Host a Technical Writing Portfolio?,TechComm Career Path, 9/16/2020
User Guide Template,Technical Writing, 9/9/2020
Using Numbers in Technical Documents,Technical Writing, 9/2/2020
How to Improve Your Proofreading Skills,Self-Development, 8/26/2020
What is FAQ?,ClickHelp Features, 8/19/2020
How to Choose Samples for Your Technical Writing Portfolio,Technical Writing, 8/12/2020
How to Manage a Technical Writing Team,Technical Writing, 8/5/2020
Technical Writer as an Information Architect,Technical Writing, 7/30/2020
Tips to Start a Tech Writing Business,Technical Writing, 7/28/2020
ClickHelp July 2020 Release Overview - Gecko,ClickHelp News, 7/21/2020
Mistakes to Avoid in Help Authoring - Use ClickHelp Efficiently,ClickHelp Features, 7/15/2020
What Value Technical Writers Bring to Business?,Technical Writing, 7/8/2020
Tricky Grammar in User Guides,Technical Writing, 7/1/2020
Versioning of Technical Documents - the Single-Sourcing Approach,ClickHelp Features, 6/24/2020
Google Chrome will Start Blocking Non-secure Content,Technology, 6/19/2020
Top 5 Books for Technical Writers,Education, 6/17/2020
First Technical Writer in a Company - Setting up the Process,Technical Writing, 6/10/2020
Content Management Systems for Technical Documentation,Technical Writing, 6/3/2020
Technical Writing and Sports Industry,TechComm Career Path, 5/28/2020
How Millennials Perceive Technical Documentation,Technical Writing, 5/20/2020
How to Hold an Interview with SMEs,Technical Writing, 5/12/2020
Documentation Portal as a Service,ClickHelp Features, 5/8/2020
What Impacts Readability,Technical Writing, 5/5/2020
"Agriculture, IT and Technical Writing",Technical Communication, 4/28/2020
How AI and Technical Writers Can Boost Customer Experience,Technical Communication, 4/24/2020
Tone of Voice Strategy in Technical Documentation,Technical Communication, 4/21/2020
What is Conversation Design?,Technical Communication, 4/17/2020
How to Write a Technical Documentation Plan,Technical Writing, 4/14/2020
How to Easily Update Your Technical Documentation,Technical Writing, 4/10/2020
Unexpected Technical Writing Examples,Technical Writing, 4/9/2020
Who is a Game Writer?,Technical Writing, 4/7/2020
Free Resources and Subscriptions for Tech Writers to Stay Engaged,Self-Development, 4/3/2020
Back Up Your Data Day,Technology, 3/31/2020
How SaaS will Save Your Future,Technology, 3/27/2020
Health Checklist for Your Technical Documentation,Technical Writing, 3/24/2020
6 Things You Should Stop Doing to Your Technical Docs,Technical Writing, 3/20/2020
Topic-based Authoring vs. Modular Authoring,Technical Writing, 3/17/2020
ClickHelp Features - Global Find and Replace,ClickHelp Features, 3/13/2020
How to Conduct User Interviews,Technical Writing, 3/10/2020
Nobody Reads My User Manuals,Technical Writing, 3/6/2020
Problems with Technical Documentation,Technical Writing, 3/3/2020
Navigation in User Manuals,Technical Writing, 2/28/2020
Data Visualization in Technical Writing,Technical Writing, 2/25/2020
How People Actually Read Documentation,Technical Writing, 2/21/2020
ClickHelp Won Two Awards from SoftwareSuggest!,ClickHelp News, 2/19/2020
Choosing Fonts for Technical Documentation,Documentation UX, 2/18/2020
Technical Documentation as a Marketing Tool,Technical Writing, 2/14/2020
Will Technical Writers be Replaced by Robots?,Technical Writing, 2/11/2020
What Professional Technical Writers Don't Do,Technical Writing, 2/7/2020
Develop the Discipline to be a Good Tech Writer,Technical Writing, 2/4/2020
Technical Writing for Aviation,Technical Writing, 1/31/2020
8 Misconceptions About Technical Writing,Technical Writing, 1/28/2020
Technical Writing Advocacy,Technical Writing, 1/24/2020
Metaphor in Technical Writing,Technical Writing, 1/22/2020
Technical Writers in Outer Space,Technical Writing, 1/17/2020
Social Media in Technical Documentation,Technical Writing, 1/14/2020
Who is an Environmental Writer?,Technical Writing, 1/10/2020
Opportunities in Medical Writing,Technical Writing, 12/30/2019
ClickHelp Oasis Update Overview,ClickHelp News, 12/27/2019
Technical Writing Trends in 2020,Technical Writing, 12/24/2019
Types of Medical Writing,Technical Writing, 12/20/2019
Green Jobs - a Blooming Niche for Technology Writers,Technical Writing, 12/17/2019
Medical Writer: Guide Into Profession,Technical Writing, 12/13/2019
7 Rules for Brilliant UX Documentation,Documentation UX, 12/10/2019
Pitfalls of Being a Technical Writer,Technical Writing, 12/6/2019
Minimalism in Technical Documentation,Technical Writing, 12/3/2019
Black Friday for Technical Writers,Technical Writing, 11/29/2019
Google Translator Toolkit to be Shut Down,Technology, 11/27/2019
Usability of Technical Documentation,Technical Writing, 11/26/2019
11 Most Common Mistakes in Technical Writing,Technical Writing, 11/22/2019
Numerals vs. Words in Technical Documents,Technical Writing, 11/19/2019
"Literary Devices in User Manuals - to Use, or not to Use",Technical Writing, 11/15/2019
Habits of Effective Technical Writers,Technical Writing, 11/12/2019
Design Tips for Technical Writers,Documentation UX, 11/8/2019
Parallel Structure in Technical Writing,Technical Writing, 11/5/2019
Does Help Authoring Make You an Author?,Technical Writing, 11/1/2019
Who Can You Scare With Your User Manual?,Technical Writing, 10/29/2019
Everybody Lies in User Documentation,Technical Writing, 10/25/2019
Diagrams in Software Documentation,Technical Writing, 10/22/2019
Waterfall vs. Agile Methodology in Software Documentation,Technical Writing, 10/18/2019
How Continuous Integration Influences Help Authoring,Technical Writing, 10/15/2019
Frequently Asked Questions About ClickHelp,ClickHelp Features, 10/11/2019
Role of Tech Writers in Continuous Localization,Technical Writing, 10/8/2019
Continuing Education as a Technical Writer,TechComm Career Path, 10/4/2019
Tech Depth vs Writing Depth,Technical Writing, 10/1/2019
Certification for Technical Writers,TechComm Career Path, 9/27/2019
How to Create FAQ and Knowledge Base in ClickHelp,ClickHelp Features, 9/24/2019
Comics in Technical Writing,Technical Writing, 9/20/2019
Software Manual Life Cycle in Tech Writing,Technical Writing, 9/17/2019
How to Jump Technical Writing Industries,TechComm Career Path, 9/13/2019
Will User Manuals Survive Haptic Interfaces?,Technology, 9/10/2019
International Literacy Day and Technical Writing,Technical Communication, 9/6/2019
Google Analytics in Technical Writing - What For?,Technical Writing, 8/30/2019
"Good Technical Documentation: Users First, Lawyers Next",Technical Writing, 8/27/2019
Most Demanded Features in Software Documentation Tools,Technical Writing, 8/23/2019
Knowledge Management vs Technical Writing,Technical Writing, 8/20/2019
How to Organize Your Technical Documentation,Technical Writing, 8/16/2019
10 Reasons Why We Love Technical Writing,Technical Writing, 8/13/2019
Problem-Solving Techniques in Technical Writing,Technical Writing, 8/9/2019
SEO Tips for Technical Writers,SEO Lifehacks, 8/6/2019
Software Documentation: Should You Learn Coding?,TechComm Career Path, 8/2/2019
Technical Documentation and Open Source,Technology, 7/30/2019
How to Use Adverbs in Technical Documents,Education, 7/26/2019
Storytelling in Technical Writing,Technical Writing, 7/23/2019
Why Your Company Needs a Style Guide?,Technical Writing, 7/19/2019
How to Up the Drama in Your Technical Documentation,Technical Writing, 7/17/2019
How SaaS Companies Benefit From Technical Writers,Technical Communication, 7/15/2019
Upcoming Techcomm Conferences 2019,Technical Communication, 7/12/2019
Top 10 Devices for Traveling Freelance Tech Writers,Technology, 7/9/2019
Types of Video Content in Technical Documentation,Technical Writing, 7/5/2019
Using Checklists in Technical Writing,Technical Writing, 7/2/2019
How to Review Technical Documentation,Technical Writing, 6/28/2019
Using ClickHelp for API Documentation,ClickHelp Features, 6/25/2019
How to Use Verbs in Technical Writing,Education, 6/21/2019
7 Reasons Why Your Help Authoring Tool Isn't Good,Technical Writing, 6/18/2019
International Blogger Day in Technical Writing,Technical Communication, 6/14/2019
Customer Experience and Technical Writing,Technical Writing, 6/11/2019
Localization Support in Help Authoring Tools,Technical Writing, 6/7/2019
World Environment Day and Technical Documentation,Technical Writing, 6/5/2019
Single Sign-On for Dummies,Education, 5/31/2019
Top 11 Technical Writing Tools,Technical Writing, 5/28/2019
Technical Documentation Branding - What for?,ClickHelp Features, 5/24/2019
Top Ergonomic Devices for Technical Writers,Technology, 5/21/2019
Web Help: Pros and Cons,ClickHelp Features, 5/17/2019
Unique Selling Points of ClickHelp,ClickHelp Features, 5/14/2019
New Promising Industries for Tech Writers,TechComm Career Path, 5/7/2019
Deflection Techniques - Unique Value of Technical Writing,Technical Writing, 4/30/2019
Motivated Reasoning in Technical Writing,Technical Writing, 4/26/2019
Why is Your User Manual Bad?,Technical Writing, 4/23/2019
Technical Writing Trends in 2019,Technical Writing, 4/19/2019
Types of Technical Documents,Technical Writing, 4/16/2019
Soft Skills That Help In Technical Writing,Self-Development, 4/12/2019
ClickHelp Features: Context Help,ClickHelp Features, 4/9/2019
How ClickHelp Became Major Key Player,ClickHelp News, 4/5/2019
What Industries Need Technical Writers (part 2),TechComm Career Path, 4/2/2019
ClickHelp Aurora Polaris Features (part 1),ClickHelp Features, 3/29/2019
What Industries Need Technical Writers (part 1),TechComm Career Path, 3/26/2019
ClickHelp March 2019 Release Overview - Aurora Polaris,ClickHelp News, 3/21/2019
Importance of Accessibility in Technical Writing,Technical Writing, 3/12/2019
Understanding Medical Technical Writing,TechComm Career Path, 3/7/2019
ClickHelp March Release Sneak Peek - Agile Technical Writing,ClickHelp Features, 3/4/2019
"Sneak Peeks - Navigation, Taxonomies, mini-TOC, FTS",ClickHelp Features, 2/27/2019
ClickHelp March Release Sneak Peek: Readability Score and Reporting,ClickHelp Features, 2/22/2019
ClickHelp March Release Sneak Peek: Enhanced Review Process,ClickHelp Features, 2/21/2019
Adapting Technical Documentation for Mobile Devices,Technical Writing, 2/15/2019
How to Organize Your Workplace,Education, 2/12/2019
Best Practices for API Documentation,Technical Writing, 2/8/2019
The Internet of Things and Technical Documentation,Technical Writing, 2/5/2019
Instructional Design and Technical Writing,Technical Writing, 2/1/2019
How to Write Technical Style Guides,Education, 1/29/2019
Role of Technical Documentation in Software Development,Technical Writing, 1/25/2019
Targeting of Technical Documentation,Technical Writing, 1/22/2019
Difficulties and Challenges of Technical Writers (part 2),Technical Writing, 1/15/2019
Technical Writing Vs Content Writing,Technical Writing, 1/11/2019
How to Build a Technical Writing Portfolio,Education, 1/9/2019
Top Tips for Better Technical Documentation,Technical Writing, 1/4/2019
Guest Post: Google Docs Tricks for Technical Writers,Education, 1/2/2019
Top 5 Text Metrics to Consider for User Documentation,Technical Writing, 12/28/2018
Tips on Migrating to a New Documentation Tool,Education, 12/24/2018
What Every Online Documentation Tool Should be Able to Do,ClickHelp Features, 12/21/2018
Best Technical Illustrator in the History,Technical Writing, 12/18/2018
Best Holiday Gifts for Technical Writers,Technical Writing, 12/14/2018
Building Digital Trust with ClickHelp,ClickHelp Features, 12/11/2018
Unconventional Skills of Technical Writers,Self-Development, 12/7/2018
Time Management Tips for Technical Writers,Self-Development, 12/4/2018
Difficulties and Challenges of Technical Writers,Technical Writing, 11/30/2018
Metrics in Technical Writing (Part 2),Education, 11/28/2018
What is UX Writing,Documentation UX, 11/23/2018
Tech Comm Trends: Collaboration With Devs and UX Writing,TechComm Career Path, 11/20/2018
"AI, Chatbots, and Content in Technical Writing",Technology, 11/16/2018
Using Quotation Marks in Technical Documentation,Education, 11/13/2018
Technical Documentation for Visually Impaired,Technical Writing, 11/9/2018
The Future of Technical Writing,Technical Writing, 11/6/2018
Technical Documentation for Color Blind,Technical Writing, 11/2/2018
How Halloween Can Improve Your Technical Writing,Technical Writing, 10/30/2018
ClickHelp Features - Search Inside Documentation,ClickHelp Features, 10/26/2018
Technical Documentation for People With Dyslexia,Technical Writing, 10/23/2018
What Industries Employ Technical Writers,TechComm Career Path, 10/19/2018
API Documentation Guidelines,Education, 10/16/2018
Create a Perfect Help Topic,Education, 10/12/2018
Metrics in Technical Writing,Technical Writing, 10/9/2018
Salaries of Technical Writers 2018,TechComm Career Path, 10/5/2018
Using Glossary in Tech Writing Team,Technical Writing, 10/3/2018
Best Practices for Technical Writers,Education, 10/1/2018
Language vs Technical Skills in Technical Writing,Self-Development, 9/25/2018
Guest Post: From Translator to Technical Writer,TechComm Career Path, 9/21/2018
ClickHelp - Single-Sourcing Techniques,ClickHelp Features, 9/19/2018
Research on Tech Writing to Win 2018 Ig Nobel Prize,Technical Communication, 9/17/2018
How Technical Writers Influence Product Adoption,Technical Writing, 9/14/2018
Techcomm Controversy: Neologisms in Tech Writing,Technical Writing, 9/11/2018
Proofreading Tips for Technical Writers,Education, 9/7/2018
Why You Should Care About HTTPS,Technology, 9/4/2018
Most Famous Technical Writers,Technical Communication, 8/31/2018
A Day in the Life of a Tech Writer,Self-Development, 8/29/2018
Best Courses/Books/Resources for Technical Writers,Education, 8/24/2018
ClickHelp is a Sponsor of the Write the Docs Conference!,ClickHelp News, 8/21/2018
Top 25+ Features of ClickHelp,ClickHelp Features, 8/17/2018
International Technical Writing Day,Technical Communication, 8/14/2018
Top 6 Reasons to Subscribe to our Blog and Newsletters,ClickHelp Features, 8/10/2018
How to Write Cover Letters and CV for Tech Writers?,TechComm Career Path, 8/7/2018
ClickHelp Features - Topic Workflow and Review,ClickHelp Features, 8/3/2018
ClickHelp Glossary,ClickHelp Features, 7/31/2018
What is Technical Writing and General Writing?,Technical Writing, 7/27/2018
Readability Score - Pros & Cons,Technical Writing, 7/24/2018
Visualizing ClickHelp Online Documentation Tool,ClickHelp Features, 7/20/2018
ClickHelp — High Performer on G2 Crowd,ClickHelp News, 7/17/2018
What if Technical Writers Disappeared,Technical Writing, 7/13/2018
No Limits = ClickHelp Trial,ClickHelp Features, 7/11/2018
Personality Characteristics of a Technical Writer,Self-Development, 7/6/2018
2018 Q4 Worldwide Translation and Technical Communication Conferences,Technical Communication, 7/4/2018
Freelance vs. Full-time. Which is Better for Tech Writers?,TechComm Career Path, 6/29/2018
How To Measure The Effectiveness Of The Documentation,Education, 6/27/2018
Perspectives and Trends for Technical Writers,Technical Writing, 6/22/2018
How to Find a Good Technical Writer,TechComm Career Path, 6/8/2018
Microsoft Buys Coding Platform GitHub for $7.5 Billion,Technology, 6/7/2018
Technical Writing & Inspiration,Self-Development, 6/1/2018
Business Opportunities With ClickHelp,ClickHelp Features, 5/30/2018
How to Implement Technical Documentation,Education, 5/25/2018
Technical Writer Career Outlook,TechComm Career Path, 5/22/2018
Audio Virus is Coming?,Technology, 5/18/2018
Choosing a Technical Writing Tool,Education, 5/14/2018
Lifehacks for Technical Writers,Self-Development, 5/11/2018
How to Write a User Manual,Education, 5/8/2018
ClickHelp Wins Two Awards From FinancesOnline!,ClickHelp News, 4/24/2018
Technical Writers' Lunch Break Stories,Technical Communication, 4/23/2018
Open Source Technology Trends for 2018,Technology, 4/20/2018
Happy National Libraries Day,Technical Communication, 4/16/2018
Top 7 Myths About Technical Writing,Technical Writing, 4/3/2018
Top 5 Reasons to Become a Technical Writer,TechComm Career Path, 3/29/2018
2018 Worldwide Translation and Technical Communication Conferences,Technical Communication, 3/26/2018
How to Become and Further Develop as a Technical Writer,TechComm Career Path, 3/22/2018
Stephen Hawking’s 8 Rules for Success,TechComm Career Path, 3/15/2018
What is Visual Communication?,Education, 3/13/2018
What is Technical Illustration?,Technical Writing, 2/20/2018
ClickHelp January 2018 Overview,ClickHelp News, 2/5/2018
What is Technical Writing?,Technical Writing, 1/31/2018
Basics of Plain Language in Technical Documentation,Education, 1/25/2018
Writer’s Block: Tips for Technical Writers,Self-Development, 1/19/2018
5 Ways to Stop Procrastinating,Self-Development, 1/4/2018
Team Orca Case Study - Using ClickHelp in a CI Environment,ClickHelp News, 12/26/2017
History of Technical Writing,Technical Writing, 12/19/2017
Best Team Building Activities for Techies,Technical Communication, 12/14/2017
5 Simple Steps to Build a Career in Technical Writing,TechComm Career Path, 11/23/2017
Technical Writer Job Challenges,TechComm Career Path, 11/19/2017
To Jargon or Not To Jargon in Technical Writing,Education, 11/14/2017
Page Layout for Printed and Online Documentation,Documentation UX, 11/9/2017
Hyphenation Rules for User Guides: Compound Adjectives,Education, 11/7/2017
Cross Team Communication for Technical Writers,TechComm Career Path, 11/2/2017
How To Optimize Documentation Team Workflow,Education, 10/30/2017
TechComm Zen: Balance of Text and Screenshots in User Manuals,Documentation UX, 10/26/2017
Technical Writer Job Scope: What Technical Writers Really Do,TechComm Career Path, 10/24/2017
Will Printed User Manuals Become Extinct?,Technical Writing, 10/19/2017
Documentation Team Onboarding: Helping New Team Member Adapt,TechComm Career Path, 10/17/2017
Avoiding Common Mistakes in User Manuals,Education, 10/12/2017
Tech Writer Style Guide: Using Lists Correctly,Education, 10/10/2017
Active or Passive Voice in User Manuals and Documentation,Education, 10/6/2017
Possessive Case With Proper Nouns,Education, 10/3/2017
Zendesk Agents Are Happy with ClickHelp Sidebar,ClickHelp News, 9/28/2017
Increase Your Online Documentation Load Speed,Documentation UX, 9/25/2017
Technical Writing as a Marketing Tool,Technical Writing, 9/21/2017
Capitalization Rules for User Guide Titles,Education, 9/18/2017
Documentation Team: How to Delegate Tasks,Education, 9/12/2017
How Do I Become a Technical Writer?,TechComm Career Path, 9/11/2017
Improving Documentation Readability: Dark UI vs Light UI,Documentation UX, 8/29/2017
Technical Writer Career Path,TechComm Career Path, 8/24/2017
Top 5 Online Pattern Generators,Documentation UX, 8/13/2017
Top 7 Online Help Authoring Tools,Technical Writing, 8/9/2017
Technical Writing Tips: The 80/20 Rule,Technical Writing, 7/27/2017
How to Write User Documentation and Help Manuals,Education, 7/26/2017
Best and Geekiest Keyboards for Technical Writers,Technology, 7/21/2017
Guest Blog: TOP 7 Reasons to Create an Online Knowledge Base,Technical Writing, 6/27/2017
Top 5 Reasons to Outsource Software Documentation Writing,Technical Writing, 6/26/2017
Guest Blog: How to Report Defects Effectively,Education, 6/16/2017
Top 6 Monospaced Fonts Overview,Documentation UX, 5/26/2017
Guest Blog: Git for QA Engineer. Basic Set of Functions,Technology, 5/24/2017
Top 6 Case Deflection Techniques,Technical Writing, 4/15/2017
How to Convert PDF to Word,Education, 4/6/2017
Free Audio for Commercial Use,Documentation UX, 3/15/2017
ClickHelp February 2017 Overview,ClickHelp News, 2/20/2017
Advanced Autonumbering Techniques with CSS,HTML & CSS tips, 12/8/2016
Taking Screenshots Right,Education, 12/8/2016
5 Ultimate Tips For Choosing Fonts,Documentation UX, 11/8/2016
6 Tips For Online Documentation Design,Documentation UX, 9/5/2016
ClickHelp June 2016 Overview,ClickHelp News, 6/16/2016
How Single Sign On Works - Explained,Education, 5/26/2016
7 Great Sources of Free Graphics for Web Designers,Documentation UX, 4/26/2016
Free Tools for Technical Writers - Part 2,Technical Writing, 4/14/2016
Free Tools for Technical Writers - Part 1,Technical Writing, 2/27/2016
User Comments in Online Documentation,Technical Writing, 2/10/2016
Import from Google Docs to ClickHelp,Education, 2/2/2016
Convert CHM to Web Help,Education, 12/7/2015
ClickHelp October 2015 - MS Word Import & Topic Editor Improved,ClickHelp News, 11/4/2015
Learning technical writing: adaptation and evolution,Technical Writing, 8/16/2015
"June 2015 Update - MS Word & HTML Import, Version History",ClickHelp News, 6/28/2015
"March 2015 Update - Web Help, Domain Mapping, REST API",ClickHelp News, 4/10/2015
SlideShare Presentations in User Manuals,Documentation UX, 2/25/2015
"January 2015 Update - CHM Export, Permissions, Search and more",ClickHelp News, 1/21/2015
Guest Blog: Why a Manual?,Technical Writing, 1/6/2015
"October 2014 Update - Ready design, smart links and more",ClickHelp News, 10/20/2014
Responsive HTML Tutorial. Part 4 - Responsive Styles,HTML & CSS tips, 8/15/2014
Free Documentation Tool for Small Teams,ClickHelp Features, 7/22/2014
Responsive HTML Tutorial. Part 3 - Problems and Solutions,HTML & CSS tips, 6/4/2014
Responsive HTML Tutorial. Part 2 - Mobile UI Validation Tools,HTML & CSS tips, 5/21/2014
Online Documentation and SEO. Part 8 - Lazy-Loading Images,SEO Lifehacks, 5/5/2014
6 Free Online Documentation HTML Templates for Commercial Use,Technical Writing, 4/17/2014
Responsive HTML. Part 1 - Screen and Mobile Emulation,HTML & CSS tips, 3/17/2014
Fixed Header & Scrollable Body Layout Without Scripts,HTML & CSS tips, 9/24/2013
ClickHelp Feature Highlights: Workflow & TOC Filter,ClickHelp Features, 9/20/2013
Online Documentation and SEO. Part 7 - Robots.txt,SEO Lifehacks, 9/11/2013
Online Documentation and SEO. Part 6 - Content Order,SEO Lifehacks, 9/9/2013
Online Documentation and SEO. Part 5 - AJAX Navigation & Hashbang,SEO Lifehacks, 8/28/2013
Online Documentation and SEO. Part 4 - Google Analytics,SEO Lifehacks, 8/20/2013
Online Documentation and SEO. Part 3 - Keywords Meta Tag,SEO Lifehacks, 8/16/2013
Online Documentation and SEO. Part 2 - Crawler-Friendly Pages,SEO Lifehacks, 8/9/2013
Online Documentation and SEO. Part 1 - Human-Readable URLs,SEO Lifehacks, 8/4/2013
What is Society for Technical Communication,Technical Communication, 7/1/2013
Notes on Social Networks,ClickHelp Features, 6/21/2013
Free Trials of Documentation Tools,Technical Writing, 6/5/2013
Technical Writing Professional Associations,Technical Communication, 6/1/2013
A Few Words About HAT,Technical Writing, 5/26/2013
Wikipedia on Technical Writing,Technical Writing, 5/25/2013
Technical Communication Job Searches,TechComm Career Path, 4/26/2013
Top 10 Technical Writing Blogs,Technical Writing, 4/21/2013
The End of Printed Manuals,Technical Writing, 4/1/2013
