Title,Author,keyword,Published Date
10 Product Releases That Guru Customers Loved in 2023,Hillary Curran,Company News,
Unlocking Communications Success: How Guru Empowers Organizations in Times of Change,Jennifer De Shields,Internal Comms,"October 26, 2023"
The AI Intranet Difference,Jennifer De Shields,AI,"October 18, 2023"
Best Practices for Sourcing and Creating Company Wide Information,Julia Soffa,Thought Leadership,"October 11, 2023"
What Happens When You Add AI Enterprise Search to Your Tech Stack?,Jennifer De Shields,AI,"October 5, 2023"
Boosting Efficiency: How Branch and Thinkific Transformed Their Operations with Guru's Answers,Hillary Curran,Customer Spotlight,"September 25, 2023"
"Meet Enterprise Search in Guru, Combining AI With Expert Verification to Give Teams Instant Answers They Can Trust",Rick Nucci,Product Updates,"September 18, 2023"
A11Y and Guru: Adding Alt Text to Guru Cards,Homer Gaines,Product,"September 14, 2023"
"Building Bridges, Not Barriers: The Art of Effective Employee Relations",Jennifer De Shields,HR & People Ops,"September 8, 2023"
From Mundane to Meaningful: Rethink and Reevaluate Your Daily Standup Meeting,Jennifer De Shields,Knowledge Management,"August 31, 2023"
Winning the RFP Game: Create a Standout RFP Response,Jennifer De Shields,Product,"August 23, 2023"
The End of Endless Search,Leah E. Friedman,Thought Leadership,"August 14, 2023"
How Guru Uses eNPS Metrics to Measure Employee Engagement,Matthew Faden,HR & People Ops,"August 3, 2023"
KM + AI Awesomeness: Guru's Summer 2023 Product Roadmap Unveiled!,Kate Hutchinson,Product Updates,"July 27, 2023"
Feature Update: Custom Prompts with Assist + Assist for Readers,Bethany White,Product Updates,"July 25, 2023"
Discover Your Inner Subject Matter Expert with Guru,Jennifer De Shields,Knowledge Management,"July 20, 2023"
Demystifying the Security Unknowns of AI Add-ons,Wes Andrues,Company News,"July 12, 2023"
Rethinking Company Newsletters with Guru,Jennifer De Shields,Internal Comms,"July 6, 2023"
The Analytics You Need to Do Your Best Work: Introducing Benchmarks,Kate Hutchinson,Product Updates,"June 20, 2023"
Knowledge Sharing 101: Writing Easily Readable Content,Jennifer De Shields,Knowledge Management,"June 15, 2023"
Introducing Assist: Your AI-Powered Writing Partner,Bethany White,Product Updates,"June 6, 2023"
The Knowledge Lifecycle and Guru: Learn More with Tours,Jennifer De Shields,AI,"May 26, 2023"
Introducing Answers—New Generative AI Capabilities in Guru to Transform the Way Teams Discover Knowledge,Rick Nucci,AI,"May 17, 2023"
"Knowledge, AI, and the Guru Difference for HR",Jennifer De Shields,AI,"May 11, 2023"
How to Plan DEIB Training Sessions for Your Workplace,Jazmine Hill,Thought Leadership,"May 4, 2023"
Calculating the True Value of Guru,Jennifer De Shields,Product Enablement,"April 27, 2023"
A New Approach to Work Productivity,Jennifer De Shields,Thought Leadership,"April 20, 2023"
The 9 Elements of Employee Experience Explained,Jennifer De Shields,Leadership,"April 13, 2023"
11 Internal Communications Best Practices,Jennifer De Shields,Internal Comms,"April 6, 2023"
Leader in 5 Categories and 68 Badges: Explore Guru’s Spring 2023 G2 Grid Reports,Kate Hutchinson,Company News,"April 4, 2023"
Announcing Guru’s Participation in OpenAI’s Alpha Plugin Program,Steve Mayernick,Product Updates,"March 30, 2023"
The Guru Advantage: AI in Every Step of the Knowledge Lifecycle,Rick Nucci,Thought Leadership,"March 17, 2023"
How Employee Knowledge Can Help Your People Work Better Together,Rick Nucci,Knowledge Management,"March 13, 2023"
Plan Your Next Internal Event the Guru Way,Julia Soffa,Internal Comms,"March 2, 2023"
Use Internal Communications to Shape Company Culture,Jennifer De Shields,Internal Comms,"February 23, 2023"
11 of the Best SaaS Sales Enablement Twitter Accounts to Follow,JJ Feroni,Sales Enablement,"February 19, 2023"
Employee Engagement 101: What You Need to Know,Jennifer De Shields,HR & People Ops,"February 10, 2023"
Guru Named a Top Workplace for 2023,Mark Whelan,Company News,"February 1, 2023"
What is Upward Communication and How You Can Implement it,Jenna Bunnell,Internal Comms,"January 26, 2023"
Guru + Slack: The Key to Unearthing a Goldmine of Useful Company Information,Kate Hutchinson,Product Updates,"January 18, 2023"
Reclaim Your Calendar By Rethinking Your Meetings,Jennifer De Shields,Internal Comms,"January 12, 2023"
Reimagine the Employee Experience with Guru and Bucketlist,Jennifer De Shields,Thought Leadership,"January 5, 2023"
Guru Named a G2 Leader in Employee Communications and Knowledge Management — Again!,Kate Hutchinson,Company News,"December 14, 2022"
The Knowledge You Needed in 2022: Guru's Year in Review,Jennifer De Shields,Company News,"December 8, 2022"
Internal Communications and Knowledge Sharing Are the Future of Work,Jennifer De Shields,Thought Leadership,"December 1, 2022"
Create Your Vacation Coverage Plan for the Holidays,Jennifer De Shields,Internal Comms,"November 10, 2022"
Feature Updates: New Options for Control and Flexibility in Internal Communications,Kate Hutchinson,Product Updates,"November 3, 2022"
Want to Improve Employee Engagement? Put Employees at the Center of Your Strategy,Rick Nucci,Thought Leadership,"November 3, 2022"
Don't Fall Back on a Failing Tool Stack,Leah E. Friedman,Thought Leadership,"October 27, 2022"
Takeaways From Charter Workplace Summit,Julia Soffa,Thought Leadership,"October 20, 2022"
Do You Know The Right Metrics For Measuring Productivity?,Leah E. Friedman,Thought Leadership,"October 12, 2022"
The Best Things We Learned At Knowledge Fest 2022,Leah E. Friedman,Events,"October 4, 2022"
What to Know Before You Go to Knowledge Fest,Jennifer De Shields,Events,"September 21, 2022"
What’s in a Name? Our Journey to Understand the Meaning of “Guru”,Alexa Krzyzanowski,Thought Leadership,"September 16, 2022"
Fight Information Overload with Effective Knowledge Sharing,Jennifer De Shields,Knowledge Management,"August 26, 2022"
How to Create the Offboarding Plan You Needed Yesterday,Jennifer De Shields,Knowledge Management,"August 18, 2022"
Here’s How to Fix 3 of Your Most Pressing Internal Comms Problems,Julia Soffa,Internal Comms,"August 4, 2022"
Better Working With Guru: Free Guides and Checklists,Jennifer De Shields,Knowledge Management,"July 28, 2022"
Join Us for Knowledge Fest and Hear From Leaders Shaping the Future of Work,Mark Whelan,Company News,"July 21, 2022"
How Guru’s Engineers Use Cypress for Better Burn Testing,Jack Jamieson and Ryan Heupler,Thought Leadership,"July 17, 2022"
"The World of Work Has Changed. The Way We Manage Information Needs to Change, Too.",Rick Nucci,Thought Leadership,"July 14, 2022"
Feature Updates: Now Guru’s an Even Stronger Partner Against Information Overload,Kate Hutchinson,Product Updates,"July 13, 2022"
Guru's Golden Rule of Internal Communications,Rick Nucci,Thought Leadership,"July 12, 2022"
Use Knowledge Management to Create Release Notes Templates and Streamline Your Product Delivery Process,Julia Soffa,Knowledge Management,"July 12, 2022"
Hybrid Work is Just Work: Going Digital By Default,Julia Soffa,Thought Leadership,"July 12, 2022"
Spring Launch 2019: Creating a Network out of Your Company’s Collective Intelligence,Steve Mayernick,Product Updates,"July 12, 2022"
How Guru Uses Guru for Revenue Operations,Sarah Noderer,Knowledge Management,"July 12, 2022"
"Guru App for Microsoft Teams: Keeping You Connected, Engaged, and Aligned",Steve Mayernick,Product Updates,"July 12, 2022"
How Engineering Teams Use Guru,Sydney Sundell,Product Enablement,"July 12, 2022"
Get Clearer Internal Communications With Guru’s Latest Updates,Chandler Sopko,Product Updates,"July 12, 2022"
Enabling Your Newly Remote Sales Team with Knowledge Management,Chandler Sopko,Sales Enablement,"July 12, 2022"
3 Ways to Check the Health of Your Internal Communications,Leah E. Friedman,Internal Comms,"July 12, 2022"
How to Use Guru to Transition to Remote Work,Leah E. Friedman,Knowledge Management,"July 12, 2022"
The Knowledge You Needed in 2019: The Best of Guru 🎉,Leah E. Friedman,Company News,"July 12, 2022"
Collaborating Remotely: How Guru Keeps Your Company Connected,Chandler Sopko,Product Updates,"July 12, 2022"
"Knewsletter: Nikola, Airbnb Leadership, and Combatting Writer's Block",Jenna Griffin,Current Events,"July 12, 2022"
Time Isn't the Main Thing. It's the Only Thing: How We’re Fixing Internal Comms at Guru,Julia Soffa,Internal Comms,"July 12, 2022"
Guru Customer Q&A: Via Transportation,Callie Rojewski,Knowledge Management,"July 12, 2022"
Introducing the Guru Card Template Gallery,Eli Panken,Product Updates,"July 12, 2022"
How to Take a Change Management Approach to Knowledge Centralization,Chelsea Souter,Knowledge Management,"July 12, 2022"
Connect Guru With Microsoft Teams for a Collaborative Wiki,Steve Mayernick,Product Updates,"July 12, 2022"
How Guru Uses Guru for Product Enablement,Sydney Sundell,Product Enablement,"July 12, 2022"
Escape Zoom: How to Be Intentional When Planning Your Virtual Event,Julia Soffa,Internal Comms,"July 12, 2022"
4 Guru Automations That Can Help You Efficiently Onboard Employees,Jon Gitlin,HR & People Ops,"July 12, 2022"
New Guru Features to Power the Companies Driving Remote Work,Steve Mayernick,Product Updates,"July 12, 2022"
Ready to Solve Your Most Pressing Problems at Work?,Jennifer De Shields,Knowledge Management,"July 7, 2022"
How Guru Uses Guru for Its New Hire Onboarding Process,Hillary Curran,HR & People Ops,"June 29, 2022"
Guru Named a G2 Leader in Employee Communications and Knowledge Management,Mark Whelan,Company News,"June 28, 2022"
Does Your Company's Internal Comms Setup Work For or Against You?,Leah E. Friedman,Internal Comms,"June 27, 2022"
Here’s Everything Guru Learned from Attending Support Driven Leadership Summit,Audrey Webster,Thought Leadership,"June 21, 2022"
Support Through Solidarity: A Guru Guide to Activism at Work,Jennifer De Shields,Current Events,"June 16, 2022"
How to Create a Sales Enablement Content Strategy,Emma Wilcox,Sales Enablement,"June 16, 2022"
3 Reasons Apps Integrated in Your Workflow are the Future,Alex Yamamoto,Sales Enablement,"June 15, 2022"
Traditional Wikis Don't Work for Enterprises: Here's How to Fix It,Rick Nucci,Knowledge Management,"June 15, 2022"
How Guru Helps Sales Teams Close More Deals,Rick Nucci,Sales Enablement,"June 15, 2022"
"When Your Product Breaks, You Need to Own It. Here's How.",Rick Nucci,Thought Leadership,"June 15, 2022"
4 Keys to a Successful New Hire Onboarding Process,Leah E. Friedman,HR & People Ops,"June 8, 2022"
Designing and Structuring Content for the End-User,Callie Rojewski,Knowledge Management,"June 1, 2022"
"Building A Richer, More Interactive Guru App With Slack's Block Kit",Steve Mayernick,Product Updates,"May 31, 2022"
Crafting a Hybrid Work Schedule (and Other Ways To Make The Newest New Normal Work For Your Team),Jennifer De Shields,Thought Leadership,"May 31, 2022"
4 Steps to Create Urgency in Change Management,Chelsea Souter,Thought Leadership,"May 31, 2022"
How You Can Help Your Sales Team Be More Productive With Slack,Alex Yamamoto,Sales Enablement,"May 31, 2022"
Using Slack Connect to Collaborate Efficiently Outside of Our Organization,Emily Nguyen,Knowledge Management,"May 31, 2022"
Innovative Strategies for Dissolving Silos and Introducing Effective Collaboration,Ben Travis,Knowledge Management,"May 19, 2022"
Why Digital Is Still the Default at Guru,Julia Soffa,Thought Leadership,"May 9, 2022"
How Knowledge Management Makes Security SOAR,Wes Andrues,Knowledge Management,"April 28, 2022"
Introducing the Knowledge Network,Steve Mayernick,Knowledge Management,"April 28, 2022"
Guru on Guru: How We Leaned Into Knowledge Management to Drive a Better Interview Experience,Steve Mayernick,HR & People Ops,"April 28, 2022"
Redefining the Way You Think About Knowledge,Chandler Sopko,Knowledge Management,"April 28, 2022"
How to Combat Information Overload the Guru Way,Jennifer De Shields,Thought Leadership,"April 24, 2022"
Guru's Guide to Successful Software Implementation,Jennifer De Shields,Thought Leadership,"April 21, 2022"
The Knowledge You Needed in 2021: Guru's Year in Review,Jennifer De Shields,Company News,"April 13, 2022"
How Good Product Principles Support Your Workflow and Team,Audrey Webster,Product Enablement,"April 13, 2022"
Identify and Utilize Subject Matter Experts at Work,Jennifer De Shields,Knowledge Management,"April 7, 2022"
Work Burnout in Your Employees: 10 Common Signs & Solutions,Audrey Webster,Thought Leadership,"March 30, 2022"
The Top 3 Signs Your Support Team Needs Knowledge-Centered Service,Yael McCue,Customer Support,"March 25, 2022"
The Missing Link in Your Customer Support Stack: An Agent-Facing Knowledge Base,Alex Yamamoto,Customer Support,"March 25, 2022"
The Importance of SEO to Your External Help Center,Alex Yamamoto,Customer Support,"March 25, 2022"
Why Knowledge Centered Support Matters and How it can Impact Your Key Metrics,Alex Yamamoto,Customer Support,"March 25, 2022"
Using Machine Learning to Make Info in Guru More Accessible Via Search,Chandler Sopko,Product Updates,"March 24, 2022"
See How Guru Celebrated a Hybrid Company Kickoff for 2022,Leah E. Friedman,Company News,"March 21, 2022"
"Guru Closes $30 Million Series C Funding, Led by Accel",Rick Nucci,Company News,"March 11, 2022"
Guru Stands Unequivocally in Support of Ukraine,Rick Nucci,Company News,"March 11, 2022"
Beating Quarantine Fatigue: Seeking Balance in an Emergency,Jess Lantis,Company News,"March 11, 2022"
So You Want to Hire a Knowledge Manager,Jennifer De Shields,Knowledge Management,"March 2, 2022"
7-Step Guide to Increasing Your Process Efficiency And Transforming Workflow,Grace Lau,Thought Leadership,"February 16, 2022"
How to Onboard a New Employee More Efficiently,Emma Wilcox,HR & People Ops,"February 4, 2022"
Speed Up Your Onboarding Process With Knowledge Triggers,Steve Mayernick,HR & People Ops,"February 4, 2022"
How Guru Changed The Way I View Employee Onboarding,Jennifer De Shields,HR & People Ops,"February 4, 2022"
Master Flexible Onboarding With Guru and WorkRamp,Jennifer De Shields,HR & People Ops,"February 4, 2022"
How Guru Helps Guru Offboard Employees,Audrey Webster,Knowledge Management,"February 3, 2022"
Guru + Typeform: A Better Way to Make Knowledge Sticky,Kate Hutchinson,Knowledge Management,"January 19, 2022"
Guru + Slack + Salesforce: Supercharge Your Digital HQ,Kate Hutchinson,Remote & Hybrid Work,"January 12, 2022"
Reassessment or Resignation: Using Culture and Knowledge to Combat the Great Resignation,Julia Soffa,Thought Leadership,"January 5, 2022"
How We’re Improving Accessibility and Usability at Guru,Sydney Sundell,Product Updates,"December 10, 2021"
Start the No Meeting Day Revolution at Your Office,Jennifer De Shields,Internal Comms,"December 10, 2021"
How To Cut The Average Cost To Train A New Employee,Leah E. Friedman,HR & People Ops,"November 30, 2021"
How To Improve Employee Efficiency At Work,Emma Wilcox,Internal Comms,"November 30, 2021"
Guru: The Ultimate Sales Partner (As Told By Chili Piper),Phil Clark,Sales Enablement,"November 30, 2021"
How We’re Improving Accessibility and Usability at Guru: Part 3,Sydney Sundell,Product Updates,"November 30, 2021"
How To Be A Good Sales Manager: 5 Tips,JJ Feroni,Sales Enablement,"November 23, 2021"
Building A Better Customer Relationship Management Strategy,Hillary Curran,Customer Support,"November 23, 2021"
How to Crush Your First 30 Days as a New Sales Enablement Hire,Alex Yamamoto,Sales Enablement,"November 23, 2021"
How to Onboard Into a New Codebase,Adam Gruber,HR & People Ops,"November 22, 2021"
HubSpot Webinar Recap: How Customer Success is Key to Business Growth,Chris Anderson,Customer Support,"November 22, 2021"
Knowledge Governance: Where to Start,Leah E. Friedman,Knowledge Management,"November 22, 2021"
How ClickFunnels Empowers Agents to Drive Revenue,Sunny Manivannan,Customer Support,"November 22, 2021"
Who Are Security Policies For? (A Primer On Writing Policy For People),Wes Andrues,Thought Leadership,"November 18, 2021"
Why Branding Should Be Every Executive's Top Priority,Chandler Sopko,Thought Leadership,"November 17, 2021"
How to Scale Customer Success,Emma Wilcox,Customer Support,"November 17, 2021"
Remoticon Recap: Building a Knowledge Driven Culture,Chris Anderson,Events,"November 17, 2021"
How Hootsuite Makes Outstanding Customer Experience a Competitive Differentiator,Chandler Sopko,Thought Leadership,"November 17, 2021"
How to Secure an Interview with Guru (Just Through Your Application),Tara Hutchens,Company News,"November 17, 2021"
How to Improve Security For Business Communications,Jessica Day,Thought Leadership,"November 10, 2021"
3 Things Guru Public Cards Can Replace,Sydney Sundell,Product Updates,"November 4, 2021"
A Day in the Life of a Knowledge Manager: An Interview With Crisp's Martin Theobald,Callie Rojewski,Knowledge Management,"November 4, 2021"
How We’re Improving Accessibility and Usability at Guru: Part 2,Sydney Sundell,Product Updates,"November 2, 2021"
The Expert Guide to Writing a Change Management Plan,Jennifer De Shields,Internal Comms,"October 19, 2021"
Workato + Gong + Guru + Slack: A Better Way to Activate Competitor Battle Cards,Kate Hutchinson,Product Enablement,"October 14, 2021"
Top 5 Sales Enablement Skills Needed For The Job,JJ Feroni,Sales Enablement,"October 7, 2021"
Don’t Reward the Hoard: Combat Knowledge Hoarding at Work,Jennifer De Shields,Knowledge Management,"October 7, 2021"
Change the Conversation: 5 Sales Pitching Lessons from Mad Men,Leah E. Friedman,Sales Enablement,"October 7, 2021"
"How Greenhouse, Dell, and Guru Actually use Guru to Improve Sales Enablement",Alex Yamamoto,Sales Enablement,"October 7, 2021"
Driving a Culture of Empathy and Knowledge in a Crisis,Julia Soffa,Knowledge Management,"September 30, 2021"
Webinar Recap: How to Create a Culture Where Knowledge Matters,Wes Yee,Knowledge Management,"September 30, 2021"
Invest in Your Sales Team by Making Your Company Culture Knowledge-Driven,Chandler Sopko,Sales Enablement,"September 30, 2021"
The Problem with Proactive Documentation: Flipping the Script With KCS and Guru,Yael McCue,Knowledge Management,"September 23, 2021"
Set Up a Scalable Sales Process With the Right Documentation,Emma Wilcox,Sales Enablement,"September 23, 2021"
Empowering Our Sales Team with Real-Time Sales Documentation,Chandler Sopko,Sales Enablement,"September 23, 2021"
Trusted Election Info: Register to Vote & Read a Poll Like a Pro,Leah E. Friedman,Current Events,"September 23, 2021"
Why You Need Sales Documentation to Build a Kick-ass Sales Team,Steli Efti,Sales Enablement,"September 23, 2021"
New Research Now Available on Improving the Hybrid Work Experience,Leah E. Friedman,Thought Leadership,"September 15, 2021"
Add Slack to Your Internal Wiki and Super Charge Knowledge Management,Leah E. Friedman,Knowledge Management,"September 7, 2021"
Guru + Zapier + Your Most-Loved Apps = Software That Collaborates Like You Do,Kate Hutchinson,Product Updates,"August 26, 2021"
The Many Faces of Guru (As Told By Our Customers),Jennifer De Shields,Company News,"August 12, 2021"
Invisible Problems: How Knowledge Management Impacts Remote Workforces,Sydney Sundell,Knowledge Management,"August 11, 2021"
Introducing the New Guru Community,Callie Rojewski,Company News,"August 4, 2021"
How We Onboard New Hires Remotely at Asana,Molly Talbert,HR & People Ops,"July 29, 2021"
Avoid the Hidden Costs of Scaling,Leah E. Friedman,Thought Leadership,"July 23, 2021"
How Guru's Engineering Org Creates (and Uses) Guru,Paul Hepworth,Company News,"July 23, 2021"
Collaboration and Communication Go Hand In Hand: How to Harness Their Power,Leah E. Friedman,Internal Comms,"July 23, 2021"
Build With Us: Create Automated Workflows With Guru’s Zapier & Workato Apps,Steve Mayernick,Product Updates,"July 22, 2021"
Working Through the Stages of Grief With Your Knowledge Base,Yael McCue,Knowledge Management,"July 19, 2021"
Readying Ourselves for a Return to the Office,Julia Soffa,Thought Leadership,"July 15, 2021"
How Incorporating Core Values Into Your Interview Process Can Be a Competitive Differentiator,Chandler Sopko,Thought Leadership,"June 26, 2021"
DEI Update: Fundraising and Community Outreach,Jess Lantis,Company News,"June 23, 2021"
Change the Way You Communicate Time Off to Truly Disconnect,Leah E. Friedman,Internal Comms,"June 23, 2021"
Slack's Guru Power Users Share Their Knowledge Management Best Practices,Chandler Sopko,Knowledge Management,"June 17, 2021"
How to Improve Sales Effectiveness,Emma Wilcox,Sales Enablement,"May 27, 2021"
Why Sales Enablement Is Not Enough: Enter Sales Empowerment,Shane Yelicanin,Sales Enablement,"May 27, 2021"
Here to Help: Customer Success at Guru,Hillary Curran,Company News,"May 27, 2021"
Combatting Emerging Cybersecurity Threats,Leah E. Friedman,Thought Leadership,"May 27, 2021"
Sales Enablement vs. Sales Operations,Emma Wilcox,Sales Enablement,"May 27, 2021"
What the Rise of Bots Means for Your Sales Enablement Team,Alex Yamamoto,Sales Enablement,"May 27, 2021"
"Zendesk Webinar Recap: How AI Creates Better, Proactive Customer Experiences",Chandler Sopko,Thought Leadership,"May 27, 2021"
Why We Chose Philadelphia for our Startup (again),Rick Nucci,Company News,"May 27, 2021"
Remotathon Recap: Scaling 21st Century Customer Support Teams,Emma Wilcox,Customer Spotlight,"May 27, 2021"
"Webinar Recap: How Your ""Enablement"" Engine Leaves Money on the Table",Chris Anderson,Sales Enablement,"May 27, 2021"
Recap: How Your Direct-to-Consumer Support Team Can Sleigh the Holidays,Emma Wilcox,Customer Support,"May 27, 2021"
"Knewsletter: The Curbside Pickup, Tips to Ask for Help, and Thrasio",Jenna Griffin,Current Events,"May 27, 2021"
7 Slack Apps To Supercharge Your SaaS Sales & Customer Support Teams,Alex Yamamoto,Thought Leadership,"May 27, 2021"
Guru Customer Q&A: ServiceSource,Callie Rojewski,Knowledge Management,"May 27, 2021"
"Artificial Intelligence Is Designed To Learn, So Start Letting It",Rick Nucci,Thought Leadership,"May 27, 2021"
Sales Knowledge Playbook: Fast-Tracking Your Content Request,Leah E. Friedman,Sales Enablement,"May 27, 2021"
How Customer Support Teams Can Drive Revenue Without Being Slimy,Matt Romans,Customer Support,"May 27, 2021"
5 Takeaways from Support Driven Expo 2018,Sunny Manivannan,Customer Support,"May 27, 2021"
How a Sales Enablement Solution can Supercharge Your Remote Sales Team,Alex Yamamoto,Sales Enablement,"May 27, 2021"
The Role of Messaging Apps in Your Support Stack,Alex Yamamoto,Customer Support,"May 27, 2021"
Separating Signal vs. Noise: The Role of Knowledge Curation in the Enterprise,Alex Yamamoto,Sales Enablement,"May 27, 2021"
How a B2B SaaS Sales Start-Up Got Over 500 Votes on Product Hunt,Alex Yamamoto,Thought Leadership,"May 27, 2021"
"Focus Your Messaging on The Job, Not The Persona",Alex Yamamoto,Sales Enablement,"May 27, 2021"
Getting Adoption with Guru,JJ Feroni,Product Updates,"May 27, 2021"
The Sales Tools Our Sales Tools Use,Chandler Sopko,Sales Enablement,"May 27, 2021"
How Outdoorsy Navigated Bumpy Roads and Exponential Growth,Emily Nguyen,Customer Spotlight,"May 27, 2021"
Why Your Sales Reps Need Shorter Content,Alex Yamamoto,Sales Enablement,"May 27, 2021"
How To Dramatically Impact Your Key Business Metrics With Sales Enablement,Alex Yamamoto,Sales Enablement,"May 27, 2021"
Checking In: How Well-Aligned Is Your Sales Enablement Strategy?,Emma Wilcox,Sales Enablement,"May 27, 2021"
The Role of Sales Enablement in Your Account Based Everything Strategy,Alex Yamamoto,Sales Enablement,"May 27, 2021"
Spooky Scenarios That Keep Support Managers Up At Night,Emma Wilcox,Customer Support,"May 27, 2021"
How to Prep Employees For a Return to the Office,Emma Wilcox,Events,"May 27, 2021"
What Sales Teams Will Gain from Attending Empower 2020,Emma Wilcox,Events,"May 27, 2021"
Be the Best Informed Voter You Can Be,Leah E. Friedman,Current Events,"May 27, 2021"
How to Create a Successful Marketing Event by Showcasing Your Brand,Julia Bersin,Thought Leadership,"May 27, 2021"
How to not be (such) a Sensitive Founder,Rick Nucci,Thought Leadership,"May 25, 2021"
How Next-Generation Knowledge Management Drives IT Business Innovation,Leah E. Friedman,Thought Leadership,"May 24, 2021"
"Supplementing the Revenue Team: How Guru Benefits All Teams, Including Security",Wes Andrues,Knowledge Management,"May 24, 2021"
8 Simple Rules for Making Customers Happy: Q&A,Hillary Curran,Customer Support,"May 24, 2021"
How Rev Ops Drives Customer Experience and Loyalty at Splash,Chris Anderson,Sales Enablement,"May 24, 2021"
How to Craft Digital Communication Experiences Your Customers Will Love,Hillary Curran,Customer Support,"May 24, 2021"
Don't Drop the Ball: The Simple Reassurance of Confirmed Knowledge,Leah E. Friedman,Customer Support,"May 24, 2021"
3 Good Sales Interview Questions to Ask Sales Rep Candidates,Rick Nucci,Sales Enablement,"May 24, 2021"
Leading With Empathy: How to Build Trust In Times of Uncertainty,Emma Wilcox,Sales Enablement,"May 24, 2021"
Remoticon Recap: Staying Afloat Going Remote,Chris Anderson,Events,"May 24, 2021"
Using Knowledge Management As A Service In Different Industries,Leah E. Friedman,Knowledge Management,"May 24, 2021"
How Guru Improves Software Development at Fullstack Labs,David Jackson,Knowledge Management,"May 24, 2021"
10 Customer Follow-Up Mistakes Experts Make,Jeffrey Smithson,Customer Support,"May 24, 2021"
Scary Customer Stories to Tell in the Dark,Leah E. Friedman,Knowledge Management,"May 24, 2021"
Customer Service vs Customer Success,Emma Wilcox,Customer Support,"May 24, 2021"
What to Expect from CX at Empower,Emma Wilcox,Events,"May 24, 2021"
Is Your AI Tool A Competent Jerk Or A Lovable Fool?,Rick Nucci,Thought Leadership,"May 24, 2021"
Empower 2019: What Support and CX Leaders Are Most Excited About,Chris Anderson,Events,"May 24, 2021"
Webinar Preview: Crafting Digital Communication Experiences Your Customers Will Love,Hillary Curran,Customer Support,"May 24, 2021"
Webinar Recap: Artificial Intelligence in Cloud-Based Solutions,Rick Nucci,Thought Leadership,"May 24, 2021"
Our Perspective on Slack’s Acquisition of Hipchat and Stride from Atlassian,Rick Nucci,Company News,"May 24, 2021"
How Shinesty's Customer Experience Team Increased Repeat Purchase Rate by 26%,Chandler Sopko,Customer Support,"May 24, 2021"
Slack + Guru: Better Together,Rick Nucci,Product Updates,"May 24, 2021"
How to Comment in Guru,JJ Feroni,Product Updates,"May 24, 2021"
The End of Documents,Rick Nucci,Sales Enablement,"May 24, 2021"
Sales Enablement Success Roundup: October 2019,Emma Wilcox,Sales Enablement,"May 24, 2021"
What is the Future of the Customer Support Tech Stack?,Leah E. Friedman,Thought Leadership,"May 24, 2021"
Why Customer Support Teams Need Extra Love,Diana Serrano,Customer Support,"May 24, 2021"
Guru's Security Overview: How We Keep Your Data Safe,Wes Andrues,Company News,"May 21, 2021"
How Data Scientists Improve Guru's Search Functionality,Sydney Sundell,Product Updates,"May 21, 2021"
How to Spark Employee Happiness While Working Remotely,Sarah Mooney,Thought Leadership,"May 21, 2021"
AI for Sales: How to Assess Real Vendor Value,Alex Yamamoto,Sales Enablement,"May 21, 2021"
How to Get the Most Out of Empower 2019: Webinar Recap,Chris Anderson,Events,"May 21, 2021"
Key Takeaways from Sales Leaders at Empower 2019,Chandler Sopko,Events,"May 21, 2021"
Assess the Health of Your Company’s Internal Knowledge Base,Emma Wilcox,Knowledge Management,"May 21, 2021"
8 Simple Rules for Making Customers Happier: Embody the Champion You Want Your Customer to Become,Hillary Curran,Thought Leadership,"May 21, 2021"
How to Be a Better Bicoastal Team: 5 Takeaways From Our Marketing Offsite,Chandler Sopko,Thought Leadership,"May 21, 2021"
Easy to Find: The Data-Driven Approach to Development,Sydney Sundell,Product Enablement,"May 21, 2021"
"Meet our Risk and Compliance Officer, Wes Andrues",Steve Mayernick,Employee Spotlight,"May 21, 2021"
The Customer Support Stats You Need to Know When Creating a Strategy,Leah E. Friedman,Customer Support,"May 21, 2021"
Sales Knowledge Playbook: Use Front’s Smart Scheduling to Accelerate Your Prospecting,Noelle Acosta,Sales Enablement,"May 21, 2021"
Using Knowledge Management Best Practices to Improve Experiential Learning Success in Schools,Stevin Smith,Thought Leadership,"May 21, 2021"
Turn Inspiration into Reality with Action Planning at Empower,Chris Anderson,Events,"May 21, 2021"
How Lucidchart’s Support Team Drives Revenue by Helping Customers Help Themselves,Chandler Sopko,Customer Support,"May 21, 2021"
The Expected (and Unexpected) Benefits of Building with Block Kit,Raman Khakh,Product Updates,"May 21, 2021"
How AI Will Make Customer Service Reps Better At Their Jobs,Rick Nucci,Thought Leadership,"May 21, 2021"
Countdown to Empower 2019,Chris Anderson,Events,"May 21, 2021"
How SAP Concur Goes Beyond Customer Happiness,Chandler Sopko,Customer Support,"May 21, 2021"
Empower Salon: Ideas Into Action,Chris Anderson,Sales Enablement,"May 21, 2021"
3 Reasons Browser Extensions are so Powerful,Alex Yamamoto,Sales Enablement,"May 21, 2021"
What Guru Employees Are Thankful For in 2020,Leah E. Friedman,Company News,"May 21, 2021"
Make Connections That Matter With Cohorts at Empower,Chris Anderson,Events,"May 21, 2021"
Your Knowledge Management Horoscope,Leah E. Friedman,Knowledge Management,"May 21, 2021"
5 Low-Budget Ways to Improve Customer Experience in 2020,Jessica Thiefels,Customer Support,"May 21, 2021"
5 Actionable Sales Enablement Blogs Every Salesperson Should Read,JJ Feroni,Sales Enablement,"May 21, 2021"
Sales Enablement and Empowerment: Conversations That Matter,Steve Mayernick,Sales Enablement,"May 21, 2021"
Meet Guru’s Search Team,Sydney Sundell,Employee Spotlight,"May 20, 2021"
How to Verify your Knowledge in Guru,JJ Feroni,Product Updates,"May 20, 2021"
"Industry Leaders Agree: Successful Sales Enablement Focuses On Conversations, Not Content",Chandler Sopko,Sales Enablement,"May 20, 2021"
How Bad Information Destroys Customer Service Experiences,Leah E. Friedman,Customer Support,"May 20, 2021"
Why Team Communication Platforms Should Be Your Tech Foundation,Leah E. Friedman,Thought Leadership,"May 20, 2021"
6 Reasons Why You Should Build a Customer Education Program,Michael Redbord,Customer Support,"May 20, 2021"
Announcing Guru's Front Integration,Steve Mayernick,Product Updates,"May 20, 2021"
5 Ways Guru Gets Your Sales Team The Exact Content It Needs,Chandler Sopko,Sales Enablement,"May 20, 2021"
Mark Your Calendars: Empower 2020,Emma Wilcox,Events,"May 20, 2021"
"Artificial Intelligence, Hype, and the Future of Humanity",Rick Nucci,Thought Leadership,"May 20, 2021"
5 Key Principles of Direct-to-Consumer Customer Support,Elisabeth Powell,Customer Support,"May 20, 2021"
Guru Knewsletter: Powering Through Obstacles While Working Remote,Jenna Griffin,Current Events,"May 20, 2021"
"Rick Nucci Talks Startups, Culture, and Philly on The Twenty Minute VC",Leah E. Friedman,Company News,"May 20, 2021"
Back to School Resources for Working Parents in 2020,Emma Wilcox,Current Events,"May 20, 2021"
Supporting Your CX Teams With Collaborative Knowledge Management,Elisabeth Powell,Customer Support,"May 20, 2021"
What’s the Difference Between Brand Positioning and Brand Messaging?,Leah E. Friedman,Product Enablement,"May 20, 2021"
On Becoming a More Equitable Company By Diversifying Hiring Pipelines,Rick Nucci,Company News,"May 20, 2021"
Sales Knowledge Playbook: Ditch Workarounds and Boost Your Win Rate,Leah E. Friedman,Sales Enablement,"May 20, 2021"
Knowledge Hack: Organizing Your Notes,Jenna Griffin,Knowledge Management,"May 20, 2021"
3 Ways an AI-Powered Knowledge Base Changes the Game for Reps and Customers,Chandler Sopko,Knowledge Management,"May 20, 2021"
How a Self-Serve Product Training Academy Fuels Scalable Customer Success,Chris Anderson,Customer Support,"May 20, 2021"
Invest in Post-Purchase Customer Experience to Drive CX Impact,Leah E. Friedman,Customer Support,"May 20, 2021"
Customers Are Coworkers: What CX Can Learn From HR,Yael McCue,Customer Support,"May 20, 2021"
How to Judge a Demo When Everyone’s Saying the Same Damn Thing,Rob Falcone,Sales Enablement,"May 20, 2021"
6 Reasons Why You Should Attend Empower 2019,Chris Anderson,Events,"May 20, 2021"
"Shift Left, Reduce Costs, Thank Knowledge Management",Wes Andrues,Customer Support,"May 20, 2021"
Slack Workflows to Drive Sales Rep Productivity,Steve Mayernick,Sales Enablement,"May 20, 2021"
Introducing Slack Actions for Guru,Steve Mayernick,Product Updates,"May 20, 2021"
How to Use Guru Q&A,Nora West,Product Updates,"May 20, 2021"
6 Reasons Spring is the Perfect Time to Clean Up Your Knowledge Base,Leah E. Friedman,Knowledge Management,"May 20, 2021"
Transitioning Toward Bite-Sized Knowledge Sharing and Product Adoption,Yoni Yampolsky,Knowledge Management,"May 20, 2021"
Empower 2020 Speakers Spotlight,Emma Wilcox,Events,"May 20, 2021"
Sales Enablement Success Roundup: September 2019,Leah E. Friedman,Sales Enablement,"May 20, 2021"
The Sales Enablement Stats You Need to Know When Creating a Strategy,Leah E. Friedman,Sales Enablement,"May 20, 2021"
Sales Knowledge Playbook: 3 Ways to Reimagine Your RFP Process,Steve Mayernick,Sales Enablement,"May 20, 2021"
How Top Product Led Sales Teams Make Their Humans Sound Like Experts,Rob Falcone,Sales Enablement,"May 20, 2021"
Take Knowledge Management Efforts Org-Wide With Guru's Summer Launch,Steve Mayernick,Product Updates,"May 7, 2021"
How Autodesk Uses Guru to Drive Adoption of Gainsight and Slack,Eraj Siddiqui,Thought Leadership,"May 7, 2021"
What's New With Guru: Q3 Product Release Recap,Nora West,Product Updates,"May 7, 2021"
Why Your Change Management Efforts Keep Failing,Jennifer De Shields,Knowledge Management,"May 6, 2021"
Under Fyre: Former Chief Storyteller at Box Dissects the Fyre Pitch Deck,Chandler Sopko,Thought Leadership,"May 6, 2021"
Seeking Balance for Digital Wellness,Julia Soffa,Thought Leadership,"April 26, 2021"
Stop Managing Knowledge and Bring Your Knowledge Network to Life,Leah E. Friedman,Knowledge Management,"April 26, 2021"
Human Resources (HR) Knowledge Management,"Bianca Feliciano Nedjar, SHRM-SCP",Knowledge Management,"April 26, 2021"
"Industry Leaders Agree: Customer Support Is a Revenue Generator, Not a Cost Center",Chandler Sopko,Customer Support,"April 26, 2021"
Guru Customer Q&A: Thrasio,Callie Rojewski,Knowledge Management,"April 26, 2021"
Win or Lose: Implementing a Post-Deal Review Process,Chandler Sopko,Product Enablement,"April 26, 2021"
Why Your Company Should Power Up From a Traditional Wiki,Leah E. Friedman,Knowledge Management,"April 26, 2021"
"Giving Thanks: Why at Guru We Don't Give Back, We Give First",Chandler Sopko,Company News,"April 26, 2021"
Group Demos: Confessions From Both Sides of The Table,Rob Falcone,Sales Enablement,"April 26, 2021"
How Cross-Functional Collaboration Saved A Marketing Strategy,Steve Mayernick,Knowledge Management,"April 26, 2021"
Building a Tech Stack to Equip Your Newly Remote Team,Sydney Sundell,Thought Leadership,"April 26, 2021"
Capture Knowledge From Your Inbox With Guru’s G Suite Add-On,Sydney Sundell,Product Updates,"April 26, 2021"
4 Tips to Improve Communication in Remote Teams,Leah E. Friedman,Knowledge Management,"April 26, 2021"
How to Build Effective Knowledge Management Systems,Emma Wilcox,Knowledge Management,"April 26, 2021"
Know Your Terminology: Customer Support vs Customer Experience,Leah E. Friedman,Customer Support,"April 26, 2021"
The State of Product Marketing: Growing Out of Our Teenage Angst,Sydney Sundell,Product Enablement,"April 26, 2021"
Fighting Systemic Racism and Learning to Be Better,Leah E. Friedman,Current Events,"April 26, 2021"
How InVision's Sales Enablement Manager Empowers His Sales Team to Have Better Conversations,Chandler Sopko,Sales Enablement,"April 26, 2021"
Guru Named One of Forbes' 20 Rising Stars in Cloud Computing,Sunny Manivannan,Company News,"April 26, 2021"
"Using AI to Empower Humans to Work Smarter, Not Replace Them",Chandler Sopko,Thought Leadership,"April 26, 2021"
"When It Comes to New Year’s Resolutions, Think FAST, Not SMART",Chandler Sopko,Thought Leadership,"April 26, 2021"
"Know Way, Rosé — The Knowledge You Need to Survive the Summer",Leah E. Friedman,Company News,"April 26, 2021"
5 Key Sales Enablement Metrics to Track Sales Performance,Alex Yamamoto,Sales Enablement,"April 26, 2021"
Launching Your Sales Enablement Career,Emma Wilcox,Sales Enablement,"April 26, 2021"
Disentangling the Sales Asset Management and Sales Enablement Relationship,Leah E. Friedman,Sales Enablement,"April 26, 2021"
Sales Enablement Success Roundup: August 2019,Leah E. Friedman,Sales Enablement,"April 26, 2021"
Guru On Guru: The How and Why Behind Our Employee Onboarding Process,Bobby Lundquist,HR & People Ops,"April 22, 2021"
What’s New With Guru: Facilitating Better Cross-Company Knowledge Sharing,Chandler Sopko,Product Updates,"April 21, 2021"
1-day sales onboarding hack: From sales hire to salesperson in a single day,Steli Efti,HR & People Ops,"April 14, 2021"
Benefits Of Using Video in Your Sales Rep Onboarding Process,Alex Yamamoto,HR & People Ops,"April 14, 2021"
Why Knowledge Management is Critical for Remote Teams,Steve Mayernick,Knowledge Management,"April 12, 2021"
Is Your Internal Knowledge Base Active or Passive?,Chandler Sopko,Knowledge Management,"April 12, 2021"
Introducing Guru Starter: Free Knowledge Management for Growing Teams,Rick Nucci,Company News,"April 12, 2021"
Sharing Trusted Information on the COVID-19 Coronavirus,Leah E. Friedman,Current Events,"April 12, 2021"
Jumpstart Your Remote Work Policy With Quick Templates and Resources,Emma Wilcox,Knowledge Management,"April 12, 2021"
Guru Launches 4 New Features To Further Empower Revenue Teams,Steve Mayernick,Product Updates,"April 12, 2021"
How A CEO Can Effectively Build A Sustainable Company Culture,Rick Nucci,Thought Leadership,"April 12, 2021"
"Guru X Slack: With Block Kit, Company Knowledge is Beautiful",Pete Michel,Product Updates,"April 12, 2021"
Give Your Knowledge Management a Seasonal Kick with Guru’s Fall Launch,Steve Mayernick,Product Updates,"April 12, 2021"
8 Ways You're Missing Out On Knowledge Sharing,Chandler Sopko,Knowledge Management,"April 12, 2021"
The Best of Empower 2019,Chris Anderson,Events,"April 12, 2021"
How to Be an Effective Sales Enablement Professional,Steve Mayernick,Sales Enablement,"April 12, 2021"
A Better and More Collaborative Guru,Steve Mayernick,Product Updates,"April 12, 2021"
The Definitive Product Launch Checklist,Leah E. Friedman,Product Enablement,"April 12, 2021"
Introducing Public Guru Cards: From Our Team to Your Team and Beyond,Sydney Sundell,Product Updates,"April 12, 2021"
Why We Created An Engineering Apprentice Program,Mitch Stewart,Company News,"April 12, 2021"
Guru Ranks #1 in Satisfaction in Knowledge Management on G2 Crowd,Steve Mayernick,Company News,"April 12, 2021"
A Gurusome Halloween: 10 Guru-Verified Costume Ideas,Chandler Sopko,Company News,"April 12, 2021"
Guru Secures $25M Series B Funding,Rick Nucci,Company News,"April 12, 2021"
Guru Bot for Slack!,Nora West,Product Updates,"April 12, 2021"
Why Knowledge Management Should Be A Top Budget Priority,"Greg Fargo, CPA",Knowledge Management,"April 12, 2021"
How Guru Uses Brand Guidelines to Empower our Revenue Team,Christine Richardson,Thought Leadership,"April 12, 2021"
Use One Knowledge Base for End-to-End Product Delivery,Sydney Sundell,Product Enablement,"March 25, 2021"
The Knowledge You Needed in 2020: Guru's Year in Review 🎉,Leah E. Friedman,Company News,"March 23, 2021"
Show Customers Love With Amazing Customer Experiences,Emma Wilcox,Customer Support,"March 21, 2021"
Six Lessons Learned at the Sales Development Conference,Dalton Gilgor,Sales Enablement,"March 21, 2021"
What We Learned From CX Experts at Empower 2019,Leah E. Friedman,Events,"March 20, 2021"
How to Create a More Efficient Tech Stack,Leah E. Friedman,Thought Leadership,"March 19, 2021"
Guru Customer Q&A: Brooklinen,Callie Rojewski,Customer Spotlight,"October 5, 2020"
Some Thoughts on the Future of Email,Rick Nucci,Knowledge Management,"July 13, 2020"
Getting Started with Guru,Diane Ruth,Product Updates,"July 13, 2020"
Remember That Time Everyone Said Email is Dead?,Alex Yamamoto,Sales Enablement,"July 13, 2020"
The Importance of an Internal Knowledge Base in All Hands Support,Steve Mayernick,Customer Support,"June 22, 2020"
"70% of Learning Comes ‘On The Job’, Put Your Sales Knowledge Where Reps Work",Alex Yamamoto,Sales Enablement,"May 27, 2020"
How SimplePractice Created a Culture Where Knowledge Management Matters,Chandler Sopko,Knowledge Management,"March 9, 2020"
Our 2nd Big Bet,Rick Nucci,Company News,"March 2, 2020"
3 Keys to Engaging Your Sales Engineer,JJ Feroni,Sales Enablement,"March 2, 2020"
What Sales Asset Management Solutions Don’t Understand About Content Performance,Alex Yamamoto,Sales Enablement,"February 24, 2020"
The Engine Behind Sales Acceleration: Sales Enablement,Alex Yamamoto,Sales Enablement,"February 20, 2020"
Guru Context: Use Cases,JJ Feroni,Product Updates,"December 18, 2019"
The Fallacy of Enterprise Search,Rick Nucci,Knowledge Management,"December 10, 2019"
Why Buying a SaaS Solution Only Solves Half of Your Problem,Alex Yamamoto,Thought Leadership,"December 10, 2019"
Why Inaccurate Content Is Costing You Deals & Losing You Money,Alex Yamamoto,Sales Enablement,"December 4, 2019"
How to Create an Internal Knowledge Base for Your Growing Team,Rick Nucci,Knowledge Management,"October 21, 2019"
Just F*ing Demo: Webinar Recap,Wes Yee,Sales Enablement,"May 1, 2019"
The Best Search is No Search Powered by AI,Chandler Sopko,Thought Leadership,"April 26, 2019"
"The Way We Work Has Changed, and Our Customers Are Evidence of That",Rick Nucci,Thought Leadership,"December 12, 2018"
Silos are out. Collaboration is in.,Chris Anderson,Customer Support,"November 19, 2018"
Announcing Content Performance,Rick Nucci,Product Updates,"November 10, 2018"
Announcing Our New Release and Slack Investment,Rick Nucci,Product Updates,"November 10, 2018"
3 Reasons Why Q&A in the Enterprise Fails and How to Fix it,Alex Yamamoto,Knowledge Management,"November 4, 2018"
3 Reasons Internal Relationships are Critical to Startup Sales Success,JJ Feroni,Sales Enablement,"November 4, 2018"
AI for Customer Support Leaders - Briefing Recap & Take-Aways,Chris Anderson,Customer Support,"November 4, 2018"
How to be a Successful Product Manager,Rick Nucci,Thought Leadership,"November 2, 2018"
Guru's GDPR Readiness Plan,Wes Andrues,Company News,"November 2, 2018"
6 Lessons Learned Selling Into a New Market,JJ Feroni,Sales Enablement,"November 1, 2018"
Bridging the Knowledge Gap in Your Account Based Marketing Strategy,Steve Mayernick,Sales Enablement,"November 1, 2018"
6 Ways to use the Power of Influence to Close More Deals,JJ Feroni,Sales Enablement,"November 1, 2018"
Rethinking Your Knowledge Base Architecture: Why Bite-Size is Best,Leah E. Friedman,Knowledge Management,"October 4, 2018"
Countering FUD in Sales: A New-Age Approach to Combat Your Buyer’s Inner Skeptic,Steve Mayernick,Sales Enablement,"September 10, 2018"
UX: The Reason Your Sales Stack Has Low Adoption,Rick Nucci,Sales Enablement,"September 4, 2018"
Why and How to Fill Your Next Leadership Role From Within,Rick Nucci,Thought Leadership,"September 4, 2018"
Use Case - Sales Process & Messaging,JJ Feroni,Product Updates,"September 4, 2018"
One Key Takeaway from Dreamforce 2015,Rick Nucci,Sales Enablement,"September 3, 2018"
How to Invite Your Team in Guru,JJ Feroni,Product Updates,"September 3, 2018"
Use Case - Jumpstart your Frequently Asked Questions,Rick Nucci,Product Updates,"September 3, 2018"
Introducing Guru - knowledge sharing reinvented,Rick Nucci,Product Updates,"September 3, 2018"
How you can Help the Philly Startup Community,Rick Nucci,Thought Leadership,"September 3, 2018"
Use Case - Sales Competitive Positioning,JJ Feroni,Product Updates,"September 2, 2018"
How and Where to Find Actionable Sales Content,Alex Yamamoto,Sales Enablement,"September 1, 2018"
