Title,Author,Published Date
"People, Process, Technology: A Framework for 2024",Josh Brown,January 09 2024
Mastering the Product Development Process: A Guide for Success,Josh Brown,January 08 2024
Creating an Operation & Maintenance Manual: Best Practices,Josh Brown,December 29 2023
Guide to Technical Documentation Templates: Improve Efficiency & Clarity,Josh Brown,December 19 2023
7 Proven Strategies for Effective Ticket Queue Management,Josh Brown,December 15 2023
Free SOP Templates You Can Use Today,Josh Brown,December 13 2023
Planning a Successful Software Implementation Rollout,Josh Brown,December 12 2023
Single Source of Truth: The Key to a Knowledge-Centric Culture,Josh Brown,December 11 2023
Looking for OneNote Alternatives? See the 8 Best for 2024,David Karinguri,December 12 2023
Building an Ecommerce Knowledge Base for Better Support,Josh Brown,November 30 2023
How Generative AI Is Revolutionizing Knowledge Management,Matt Duczeminski,November 29 2023
Building a Better Knowledge Base: Top Best Practices,David Karinguri,November 30 2023
13 Best Customer Retention Software Platforms,Josh Brown,November 21 2023
Change Management Training Essentials: Step-by-Step Guide,Matt Duczeminski,November 18 2023
How to Create a Knowledge Base in SharePoint,Josh Brown,November 17 2023
Leveraging Knowledge Base Metrics for Maximum Impact,Josh Brown,November 15 2023
Crafting a Knowledge Base Content Strategy That Connects,Josh Brown,November 14 2023
What Makes an Effective Employee Intranet?,David Karinguri,November 27 2023
The Role of Help Desk Knowledge Bases,Josh Brown,November 06 2023
Unlocking the Potential of AI Knowledge Bases,Josh Brown,November 02 2023
The Best 12 Change Management Software Platforms,Matt Duczeminski,November 17 2023
What is Legal Process Outsourcing (LPO)?,Josh Brown,November 01 2023
Improve Employee Performance: A Guide for Managers,Josh Brown,October 30 2023
Implicit Knowledge: Definition and Importance,Josh Brown,October 27 2023
Empower Your HR Team with Knowledge Management,David Karinguri,November 09 2023
Guide to Training Call Center Agents [2023],Kiran  Shahid,October 25 2023
Encourage Knowledge Retention During Hyper-Growth Mode,Josh Brown,October 25 2023
Orientation Training Program Essentials: A Simple Guide,Josh Brown,October 19 2023
Best Microlearning Platforms for Efficient Learning (2023),David Karinguri,October 31 2023
The Best User Manual Software to Streamline Documentation,Josh Brown,October 16 2023
The Significance of Product Knowledge in Customer Service,Josh Brown,October 15 2023
Creating a Customer Service Training Manual for Frontline Success,Josh Brown,October 14 2023
Operational Improvement: Guide to Continuous Growth,Josh Brown,October 13 2023
Best Knowledge Management Software for Call Centers,Josh Brown,September 29 2023
Knowledge Management: The Key to Call Center Excellence,Josh Brown,September 29 2023
Knowledge Management Metrics: The Key to KM Success,Josh Brown,September 28 2023
Best Knowledge Management Software for Law Firms,Kiran  Shahid,September 26 2023
Employee Training Methods: Which One is Right for Your Team?,Josh Brown,September 20 2023
The Best Enterprise Collaboration Software to Boost Productivity,Josh Brown,September 15 2023
The 7 Best API Documentation Tools,Josh Brown,September 14 2023
12 Essential Tools for Technical Writing,Josh Brown,September 26 2023
Mastering the Art of Tracking Employee Training Progress,Josh Brown,August 31 2023
The 7 Best Knowledge Sharing Tools of 2023,Josh Brown,August 25 2023
Why Legal Knowledge Management is a Must for Law Firms,Josh Brown,August 17 2023
How to Write a Technical Specification Document With Examples,Josh Brown,August 11 2023
Why Customer Service Outsourcing is a Game-Changer,Josh Brown,August 07 2023
SOP Training: Boost Productivity with Effective Processes,Josh Brown,August 03 2023
Agile Documentation: Best Practices for Success,Josh Brown,August 02 2023
Boost Your Business With the Right Enterprise LMS,Josh Brown,September 14 2023
Understanding the 7 Types of Knowledge: An In-Depth Guide,Josh Brown,October 27 2023
Information Management vs Knowledge Management,Josh Brown,July 19 2023
Mastering Knowledge Creation for Business Innovation and Growth,Josh Brown,July 18 2023
How to Effectively Manage Cross-Functional Project Teams,Josh Brown,July 18 2023
The Future of Call Centers: Why a Knowledge Base is Key,Kiran  Shahid,July 18 2023
Knowledge Management in the Healthcare Industry,Matt Duczeminski,July 14 2023
How to Create User-Friendly Technical Manuals,David Karinguri,July 11 2023
Big Data & Knowledge Management: Benefits + How-To,Josh Brown,October 20 2023
Guide to Customer Service Knowledge Management,Josh Brown,June 30 2023
Enterprise Knowledge Management: A Quick Guide,Kiran  Shahid,June 30 2023
The Power of Knowledge Management for Government,Josh Brown,June 29 2023
Business Development: Propel Your Company's Growth,Josh Brown,October 17 2023
How to Build a Robust Knowledge Management Strategy,Josh Brown,June 27 2023
11 Best Standard Operating Procedure (SOP) Software in 2024,David Karinguri,December 14 2023
Coda vs Notion: A Comprehensive Guide,Josh Brown,June 24 2023
Crafting a Growth-Focused Performance Review,Josh Brown,June 21 2023
Best Employee Training Software to Nurture Your Employees,Kiran  Shahid,June 16 2023
We Tested 5 GitBook Alternatives: The Best Revealed,David Karinguri,June 16 2023
The Best Workflow Apps for Efficiency & Collaboration,Josh Brown,June 09 2023
Mastering Customer Success Metrics: Key Insights for Growth,Josh Brown,June 08 2023
Dismantling Data Silos: The Key to Unified Customer Data,Josh Brown,June 07 2023
The 9 Best Google Workspace Alternatives in 2023,Josh Brown,October 17 2023
AI and Customer Service: Automating Customer Support,Matt Duczeminski,June 08 2023
How to Manage Scope Creep: A Project Roadmap,Josh Brown,June 02 2023
Crafting an Effective Sales Enablement Content Strategy,Josh Brown,June 01 2023
Knowledge Based Systems: Definition & Business Impact,Josh Brown,May 31 2023
Recipe for Success: How to Eliminate Knowledge Gaps,David Karinguri,July 18 2023
The 7 Best WalkMe Alternatives in 2023,David Karinguri,May 31 2023
We Tried the Best Guru Alternatives. The Top 11 Are...,Josh Brown,July 01 2023
Creating a User-Friendly Troubleshooting Guide: Tips & Tricks,Josh Brown,May 22 2023
Customer Service Strategies: Enhancing Loyalty & Growth,Josh Brown,May 22 2023
Explicit Knowledge: How to Best Capture and Transfer It,Josh Brown,October 17 2023
7 Ways to Reduce Call Center Volume [2023],Josh Brown,May 15 2023
Building a Strong Knowledge Management Framework,Kiran  Shahid,June 01 2023
Crafting a Winning Communication Plan (With Templates),Kiran  Shahid,October 31 2023
Key Knowledge Management Best Practices for Success,Josh Brown,October 17 2023
The Power of Continuous Learning in the Workplace,Josh Brown,April 25 2023
Process Improvement Plans: A Step-by-Step Guide,Josh Brown,April 20 2023
Customer Success Software: The Best Solutions in 2023,Kiran  Shahid,June 09 2023
How to Create an Effective Employee Development Plan,Josh Brown,April 10 2023
Employee Development Guide: How to Maximize Employee Potential,Josh Brown,May 18 2023
Customer Service Training: Effective Techniques for Success,Kiran  Shahid,March 21 2023
Mastering the Art of Product Onboarding: From Start to Finish,Josh Brown,June 30 2023
The 10 Best OneDrive Alternatives for Secure File Storage,Josh Brown,March 14 2023
The Best 7 Archbee Alternatives and Competitors [2023],Josh Brown,June 16 2023
How to Create Engaging Training Videos for Your Employees,Matt Duczeminski,April 17 2023
From Chaos to Clarity: Streamlining Workflow Documentation,David Karinguri,June 28 2023
IT Documentation 101: A Beginner's Guide to Effective Documentation,Belma Vranovic,March 03 2023
Onboarding Documentation: How to Welcome New Hires,David Karinguri,April 20 2023
Mastering Runbooks: A Comprehensive Guide for IT Pros,Kiran  Shahid,February 24 2023
Best Trainual Alternatives for Employee Training and Onboarding,Belma Vranovic,March 07 2023
Mastering Sprint Planning: Best Practices for Effective Meetings,Josh Brown,February 21 2023
Process Mapping 101: Simplified Guide to Maximizing Efficiency,Josh Brown,February 03 2023
Scrum Master's Toolkit: The Best Sprint Planning Tools in 2023,Kiran  Shahid,June 16 2023
OneDrive vs Google Drive: The Great Cloud Storage Showdown,Josh Brown,January 12 2023
Business Process Reengineering: Strategies for Success,Josh Brown,November 01 2023
Reducing Employee Attrition: Tips and Strategies for Success,Michael Norton,December 28 2022
11 Customer Satisfaction Metrics Every Business Should Track,Josh Brown,December 23 2022
The Secret to Crafting the Perfect How-To Guide,Kiran  Shahid,December 17 2022
How to Build a High Performing Sales Team,Josh Brown,December 06 2022
Employee Offboarding: Best Practices + Benefits,Josh Brown,December 11 2022
Project Documentation 101: A Powerful Way to Share Knowledge,Josh Brown,November 22 2022
Sales Playbook: A Definitive Guide to Building an Effective One,Josh Brown,April 20 2023
30-60-90 Day Plan [Examples + Template],Josh Brown,April 19 2023
Building a Hybrid Work Schedule That Works for Your Team,Josh Brown,November 04 2022
Streamlining the Onboarding Process: Employee Portals Explained,Kiran  Shahid,November 14 2022
The Best Intranet Software for Internal Collaboration [2023],Kiran  Shahid,May 09 2023
"What is a Business Playbook, and Why Do You Need One?",Kiran  Shahid,June 01 2023
Examples of Knowledge Management Systems [2022],Craig Stoss,April 17 2023
Company Policy & Procedures: What You Need to Know,Matt Duczeminski,April 17 2023
Service Request Management: Guide to Best Practices,Josh Brown,March 28 2023
Ecommerce Customer Service Guide: Best Practices to Follow,Josh Brown,October 04 2022
6 Steps to Improve Your Business' Internal Processes,Josh Brown,April 20 2023
How to Write an Instruction Manual [With Examples],Josh Brown,August 20 2022
16 Best Apps for Employee Communication [2023],Josh Brown,April 17 2023
How to Create an Effective Sell Sheet [With Examples],Josh Brown,August 10 2022
"Creating, Managing, and Developing High-Performing Teams",Josh Brown,August 08 2022
Ticket Deflection: Learn How to Reduce Customer Support Tickets,Josh Brown,April 17 2023
The Best Wiki Software to Help Organize Knowledge [2023],Josh Brown,July 01 2023
17 Best Client Portal Software for Your Users [2022],Josh Brown,July 08 2022
How to Write a Product Requirements Document (PRD),Josh Brown,June 02 2023
Google Docs Alternatives: The 6 Best Choices for 2022,Josh Brown,July 28 2022
Average Handle Time: 5 Strategies to Reduce It,Josh Brown,May 26 2022
Encourage Knowledge Sharing in the Workplace [6 Steps to Help],Josh Brown,October 27 2023
How to Create an Employee Training Plan [With Templates + Checklists],Josh Brown,May 17 2022
Unleashing the Power of Sprint Review Meetings,Josh Brown,May 24 2023
Customer Self-Service Software: Best Tools for 2024,Josh Brown,December 05 2023
Knowledge Base Guide: Why Your Business Needs One,Josh Brown,December 18 2023
Business Requirements Document: How to Write One,Josh Brown,June 02 2023
Customer Service Performance Reviews: Processes + Template,Josh Brown,June 21 2023
How to Create a Training Manual: Tips for Maximizing Impact,Josh Brown,April 21 2023
How to Deliver 24/7 Customer Service & Tech Support,Josh Brown,April 12 2022
The Best Knowledge Management Software & Tools [2024],Josh Brown,December 18 2023
Guide to Optimizing Internal Customer Service: 7 Key Strategies,Josh Brown,April 11 2022
Change Management Process: 7 Steps to Successful Implementation,Josh Brown,November 02 2023
How to Scale Your Customer Support Efforts as Your Business Grows,Josh Brown,August 17 2022
How to Create a Self-Service Knowledge Base for Your Business,Josh Brown,September 18 2023
How to Provide After-Hours Customer Support,Josh Brown,May 24 2022
"Proactive Customer Service: Definition, Benefits & Best Practices",Josh Brown,April 09 2022
How to Maximize the Value of Knowledge Process Outsourcing,Josh Brown,December 28 2022
Creating a Customer Service Knowledge Base for Better Support,Josh Brown,April 01 2022
The 14 Best Zendesk Competitors and Alternatives [2024],Josh Brown,December 14 2023
How to Write a Team Meeting Agenda: Best Practices & Templates,Josh Brown,May 24 2023
Business Process Outsourcing (BPO): Definition & Best Practices,Josh Brown,October 31 2023
Silo Mentality: What Are Organizational Silos and Their Impact,Josh Brown,February 11 2022
"Asynchronous Communications 101: Definition, Benefits & Tips",Josh Brown,May 24 2022
We Explored Confluence Alternatives: The Best 14 Revealed,Josh Brown,June 04 2023
How to Build a Customer Service Policy That Delights Customers,Josh Brown,May 12 2023
11 Best Help Authoring Software and Tools [2023],Josh Brown,March 28 2023
Product Documentation: How to Create It & the Best Software to Use,Josh Brown,January 19 2022
How to Create a Product Knowledge Training Program,Josh Brown,January 11 2022
What is a Customer Self-Service Portal [And How to Create One],Josh Brown,May 12 2022
The 10 Best Notion Alternatives in 2023,Josh Brown,June 24 2023
Corporate Wiki vs Knowledge Base: Which is Better?,Josh Brown,March 14 2023
How to Use Surveys to Improve Your Knowledge Base,Josh Brown,November 16 2021
Discover the Best Knowledge Base Software of 2024: Top 14,Josh Brown,December 18 2023
Cross-Team Collaboration: 9 Top Strategies for Success,Josh Brown,December 16 2022
The 12 Best Open Source Knowledge Base Software for 2023,Josh Brown,March 14 2023
The Best SaaS Knowledge Base Software in 2023,Josh Brown,May 23 2023
Customer Service Best Practices: The Top 8 Strategies,Josh Brown,May 25 2023
Step-By-Step Guide to Creating a Knowledge Base,Josh Brown,April 27 2023
The Best Technical Documentation Software for 2024,Josh Brown,December 06 2023
The Best Software Documentation Tools for Devs & End Users,Matt Duczeminski,May 26 2023
Knowledge Management Portal: What to Look For When Building One,Josh Brown,May 12 2023
Internal Documentation 101: A Simple Guide to Get You Started,Josh Brown,November 22 2022
Employee Onboarding: How to Help Your New Employees Succeed,Josh Brown,March 08 2023
Technical Documentation: Purpose and Best Practices,Josh Brown,October 20 2021
Employee Onboarding: Definition & Best Practices,Josh Brown,November 17 2022
Remote Onboarding: How to Set Up Your New Employees for Success,Josh Brown,March 08 2023
The Best Sales Enablement Tools to Help Your Team Close More Deals [2023],Daphne Muller,January 05 2023
Creating a Customer Knowledge Management System to Fuel Growth,Josh Brown,July 20 2021
Remote Team Management: The Top Strategies & Tools for Success,Josh Brown,October 20 2022
The Best Employee Onboarding Software For New Hires [2023],Josh Brown,December 14 2022
"Internal Communications: Benefits, Best Practices and How to Do It",Josh Brown,May 24 2022
Trying to Create a Wiki? Here's How You Do It.,Josh Brown,April 20 2023
How to Create an Effective Knowledge Map (And the Benefits of Doing So),Josh Brown,October 25 2023
The Top KnowledgeOwl Alternatives and Competitors in 2023,Josh Brown,May 23 2023
Step-By-Step Guide to Creating an Internal Knowledge Base,Josh Brown,August 09 2022
The Best IT Helpdesk Ticketing Software Systems: Pros & Cons,Josh Brown,April 18 2023
How to Break Down Information Silos [And the Benefits of Doing So],Josh Brown,February 26 2021
How to Improve Your Customers' Experience With Personalization,Josh Brown,October 04 2021
Internal Wiki Guide: How to Create One + Best Software to Use [2023],Josh Brown,January 05 2023
How to Use Google Drive — Tutorial and Best Practices,Josh Brown,December 04 2020
6 Customer Retention Strategies to Keep Customers Coming Back For More,Josh Brown,February 09 2021
The Top Document360 Alternatives & Competitors [2023],Josh Brown,January 05 2023
Google Sites Tutorial: A Step-by-Step Guide,Josh Brown,February 12 2021
How a Community Forum Can Benefit Your Business,Josh Brown,May 24 2022
Building Communities of Practice to Cultivate Organizational Knowledge,Josh Brown,April 25 2023
How a Social Intranet Can Benefit Your Business,Josh Brown,September 30 2020
Knowledge Base Management: How it Can Benefit Your Business,Josh Brown,February 26 2021
How to Write Effective Knowledge Base Articles [With Examples],Josh Brown,May 23 2023
SaaS Customer Onboarding 2.0: The Magic of Self-Serve,Josh Brown,September 15 2020
How to Make Remote Work Easier for Your Customer Service Team,Josh Brown,November 13 2020
Customer Service Automation: How to Do it the Right Way,Josh Brown,October 20 2021
Customer Complaints: 8 Ways to Handle Them Effectively,Josh Brown,November 04 2021
Organizational Learning: A Complete Guide,Josh Brown,August 19 2020
What is Customer Engagement? A Complete Guide,Josh Brown,April 08 2021
How to Build a Wordpress Intranet For Improved Team Collaboration,Josh Brown,April 08 2021
WordPress Knowledge Base: Pros & Cons + 6 Best Plugins and Themes,Josh Brown,August 16 2023
Process Documentation: Definition & Best Practices,Isabelle Fredborg,March 28 2023
Confluence vs. SharePoint: A Comprehensive Comparison [2023],Josh Brown,December 30 2022
"Tribal Knowledge: Definition, Benefits, and How to Capture It",Josh Brown,December 20 2022
The Best Document Management Software [2023],Josh Brown,January 05 2023
Software Documentation Best Practices [With Examples],Josh Brown,April 26 2023
How to Write an Effective FAQs Page [With Examples],Josh Brown,April 27 2023
Sales Process Guide: Learn How to Close More Deals in 2023!,Josh Brown,April 17 2023
"Employee Orientation: Definition, Benefits & Best Practices",Josh Brown,July 23 2020
The 9 Best ServiceNow Competitors and Alternatives,Josh Brown,October 11 2023
14 Zoom Alternatives for Team-Wide Video Conferencing [2023],Josh Brown,May 12 2023
Best Slack Apps and Integrations For Your Business in 2023,Josh Brown,January 05 2023
Customer Support: How to Improve Your Efforts in 2023,Josh Brown,April 17 2023
How to Create an Effective Employee Handbook [With Examples],Josh Brown,December 20 2022
8 Tips For Writing Better User Documentation,Josh Brown,March 28 2023
Best Recruiting Tools & Software For Hiring Managers,Josh Brown,August 06 2020
Effective Team Management Strategies to Boost Productivity,Hiba Amin,August 05 2023
Electronic Document Management System (EDMS): A Comprehensive Guide,Josh Brown,October 15 2021
"Tacit Knowledge: Definition, Examples, and Importance",Josh Brown,October 27 2023
Best Chatbot Software in 2024 (According To Customer Reviews),Josh Brown,December 29 2023
20 Top Trello Alternatives For Better Work Productivity in 2023,Josh Brown,January 05 2023
Leadership Training and Development: A Complete Guide,Josh Brown,April 26 2023
How to Conduct an Employee Evaluation in 6 Steps,Josh Brown,June 21 2023
The Perfect Employee Evaluation Form: Templates + How-To,Josh Brown,April 20 2023
What is Employee Training And Development (From A To Z),Josh Brown,June 21 2023
How to Create an Effective Standard Operating Procedure (SOP),Matt Duczeminski,December 13 2023
20 Best Customer Service Software Solutions [2023],Josh Brown,January 05 2023
SharePoint Alternatives: 15 Best Competitors to Consider [2023],Josh Brown,March 14 2023
Guest Posting on Helpjuice,Josh Brown,February 03 2021
19 Best Online Collaboration Tools for Remote Teams,Josh Brown,December 03 2021
Document Collaboration Software: 10 Best Tools for 2024,Josh Brown,December 06 2023
5 Ways Knowledge Management Systems Improve Customer Experiences,Josh Brown,October 15 2021
5 Simple Steps to Increase Customer Lifetime Value (+16 Examples),Josh Brown,June 08 2023
20 Call Center Best Practices for Amazing Customer Service,Josh Brown,May 11 2023
What is Knowledge Centered Support (KCS) and Why it Matters,Josh Brown,December 29 2022
14 Effective Ways to Promote Team Collaboration,Josh Brown,February 12 2022
Knowledge Transfer: What it is & How to Use it Effectively,Josh Brown,April 20 2023
Top 5 Bloomfire Competitors & Alternatives for Better Collaboration,Josh Brown,May 24 2022
How Feedback Forms Can Help You Better Understand Your Customers,Josh Brown,July 15 2020
Knowledge Management Solutions: What Your Business Needs to Know,Josh Brown,May 15 2023
Open Source Knowledge Base vs SaaS – Which is Better?,Josh Brown,May 23 2023
Customer Satisfaction 101: Essential Tips for Improving CX,Josh Brown,December 23 2022
"Sales Enablement: Definition, Importance & Best Practices",Emil Hajric,August 18 2020
SharePoint Knowledge Base Review (2023): Pros & Cons,Emil Hajric,April 20 2023
Harnessing Knowledge Management: Best Practices & Tools,Matt Duczeminski,October 25 2023
8 Most Common Mistakes to Avoid When Building External Knowledge Base,Emil Hajric,July 08 2020
Cheat Sheet: Cutting Down Customer Support Requests With Knowledge Base,Emil Hajric,July 08 2020
7 Benefits of Having a Knowledge Base for Your Company,Emil Hajric,May 23 2023
How to Make a Searchable Knowledge Base,Emil Hajric,May 23 2023
"Dramatically Cutting Down Support Requests Within Your SaaS App: The Story of Travis, The Hero From EventGeek",Emil Hajric,July 13 2020
Under the Hood: Meet the Brand New Helpjuice V4 Dashboard!,Emil Hajric,July 08 2020
7 Best Tools to Measure Customer Engagement in 2021,Emil Hajric,February 02 2021
A Simple Guide to Writing the Perfect Knowledge Base Article,Emil Hajric,April 09 2022
7 ways customer service helps you with flawless customer onboarding,Emil Hajric,December 12 2022
Quick Tips on How to Improve Your Knowledge Base,Emil Hajric,April 09 2022
How to Plan Your External Knowledge Base Content,Emil Hajric,December 12 2022
Engaging Your Employees To Contribute To Your Knowledge Base,Emil Hajric,April 09 2022
A Guide to Using Emojis In Customer Support,Emil Hajric,July 30 2020
Why Customers STOP Using Your Knowledge Base!,Emil Hajric,April 09 2022
3 External API's To Super-Power Your Knowledge Base!,Emil Hajric,July 13 2020
Customer Service Tips From Top 4 Industry Experts,Emil Hajric,April 09 2022
4 Bulletproof UX-Hacks To Skyrocket Your Knowledge Base,Emil Hajric,April 09 2022
Top 5 Ways to Ask For Customer Feedback,Emil Hajric,August 05 2020
10 Customer Appreciation Ideas Your Customers Will Absolutely Love,Emil Hajric,August 12 2020
Top 5 Ways to Provide Excellent Customer Service,Emil Hajric,April 09 2022
UX vs CX: A Practical Explanation Using a Real-Life Scenario,Emil Hajric,July 28 2020
Optimize Efficiency: The Knowledge Management Process,Emil Hajric,April 27 2023
4 Mind-Blowing Metrics On Short vs Lengthy Knowledge Base Articles,Emil Hajric,April 09 2022
World Class Customer Service: 4 Things Today’s Companies Get Right,Emil Hajric,August 19 2020
10 Mind-blowing Customer Service Statistics,Emil Hajric,July 30 2020
Customer Service Infographic: Best And Worst Industries,Emil Hajric,March 25 2023
5 Bad Customer Service Habits You Need to Kill Right Away,Emil Hajric,August 12 2020
5 Ways To Deliver Great Customer Service,Emil Hajric,July 13 2020
How to Improve Customer Service With Technology,Emil Hajric,April 09 2022
Top 5 Principles to Deliver Great Customer Service,Josh Brown,March 17 2023
Quora Marketing Strategy for B2B Startups,Emil Hajric,April 09 2022
EGO Trap: The Number One Reason Most Startups Fail,Emil Hajric,August 10 2020
How to Leverage Social Media To Improve Customer Experience,Emil Hajric,August 20 2020
