Title,Author,keyword,Published Date
Reflections on Attaining Our B Corp Certification and the “Arrival Fallacy”,Marybeth Alexander,Company culture,01-04-2024
State of the Parliament 2024: KnowledgeOwl Annual Report,Marybeth Alexander,Company culture,12/28/2023
KnowledgeOwl Staff Spotlight: Erica Beyea,Marybeth Alexander,Company culture,12/21/2023
Optimizing Visuals in Technical Documentation,Ayomide Yissa,Writing docs,12/14/2023
KnowledgeOwl Joins the B Corp Movement,Marybeth Alexander,Company culture,12-12-2023
The Top 25 Knowledge Base Software Solutions for 2024,Steph Lundberg,Tools,12-07-2023
New integration: Wise up your workflows with KnowledgeOwl + Zapier,Marybeth Alexander,Tools,11/30/2023
Gratitude at KnowledgeOwl,Kate Mueller,Company culture,11/20/2023
How to tackle a major knowledge base revamp,Tim Jordan,Tools,11/16/2023
Knowledge base SEO tips for those of us who hate SEO,Kate Mueller,Writing docs,11-08-2023
Highlights from ElevateCX Atlanta 2023,Veronica Calvage,Company culture,11-02-2023
Top open source knowledge base solutions,Catherine Heath,Tools,10/31/2023
Why we don't do pro services anymore,Kate Mueller,Company culture,10/19/2023
Exploring the Top Tech Writing Collaboration Tools for 2023,Juliet Ofoegbu,Writing docs,10-12-2023
7 Tips for Managing the Chaos of Starting a New Remote Job,Chad Timblin,Company culture,10-05-2023
Highlights from Write the Docs Atlantic 2023,Marybeth Alexander,Writing docs,9/28/2023
An owlet’s guide to creating your first knowledge base,Erica Beyea,Writing docs,08-02-2023
How to put the customer first in your sentences,Marcia Riefer Johnston,Writing docs,7/20/2023
Perched on progress: an Owl's guide to documenting your career growth,Erica Beyea,Writing docs,6/20/2023
2022 Product Year in Review,Kate Mueller,Announcements,1/18/2023
"The great divide, part 2: Implementation - By Scot Hanson",Scot Hanson,Customer stories,10/25/2022
"The great divide, part 1: The case for separate knowledge bases",Kate Mueller,Customer stories,9/27/2022
6 ways to get the most out of search,Kate Mueller,Writing docs,8/23/2022
State of the Parliament 2021/2022,Marybeth Alexander,Company culture,7/21/2022
Our new content strategy,Kate Mueller,Announcements,06-03-2022
"Getting Started Guide retrospective: The good, the bad, the ugly",Kate Mueller,Announcements,4/18/2022
2021 Product Year in Review,Kate Mueller,Announcements,03-02-2022
Tools for editing docs as code – By Chris Ward,Chris Ward,Tools,1/26/2022
Customer spotlight: How Intersect for Ability uses KnowledgeOwl for resource sharing,Deborah Barnard,Customer stories,12-02-2021
Why customer experience in your knowledge base is king – By Muhammad Ali Saleem,Muhammad Ali Saleem,Writing docs,11/18/2021
How to deal with difficult and upset customers,Catherine Heath,Support,11-04-2021
Nine mistakes to avoid in your knowledge base,Catherine Heath,Writing docs,10/21/2021
New KnowledgeOwl API documentation - and how to create your own,Deborah Barnard,Announcements,10/14/2021
"Write the Docs Prague 2021 – By Catherine, Marybeth, and Deborah",Deborah Barnard,Writing docs,10/13/2021
Felicity Brand - How to write a book for (and with) an open source community,Catherine Heath,Writing docs,10/13/2021
Lana Brindley - More than words: Reviewing and updating your information architecture,Catherine Heath,Writing docs,10/13/2021
Kate Santo - From travel content to technical content: my journey,Catherine Heath,Writing docs,10/13/2021
Anna Korinna Németh-Szabó - Alchemy in Adversity (How to become better and more resilient tech writers in a turbulent work environment),Catherine Heath,Writing docs,10/13/2021
Victor Sluiter - Adventures in setting up a knowledge system for a research group,Catherine Heath,Tools,10/13/2021
Lukas Reußner - Hitchhiker's Guide to Documentation Tools and Processes,Catherine Heath,Tools,10/13/2021
Ryan Macklin - So you need to give bad news to users…,Catherine Heath,Writing docs,10/13/2021
Karen Sawrey - Hustling for Fun and Profit as a Technical Writer: A Freelancing Starter Kit,Catherine Heath,Writing docs,10/13/2021
Jenn Leaver - Docs leadership: How to become a stronger leader for your team,Catherine Heath,Writing docs,10/13/2021
Kevin Hwang - Customer Feedback is the Fuel in our Engine,Catherine Heath,Writing docs,10/13/2021
Anita Diamond - Cognitive Ergonomics in Technical Writing - Lessons from the Field,Catherine Heath,Writing docs,10/13/2021
Kat Stoica Ostenfeld - How I use applied linguistics to be a better technical writer,Catherine Heath,Writing docs,10/13/2021
Fabrizio Ferri-Benedetti - When documenting is designing: How to assist API design as a technical writer,Catherine Heath,Writing docs,10/13/2021
9 technical writing tips every writer should know,Catherine Heath,Writing docs,10-01-2021
Ways to improve your technical writing skills,Catherine Heath,Writing docs,9/23/2021
Top 10 customer service tips,Catherine Heath,Support,9/20/2021
Reasons why your company needs an online knowledge base,Catherine Heath,Writing docs,9/13/2021
Best knowledge base features,Catherine Heath,Writing docs,09-02-2021
DocOps: Blending automation and teamwork – by Michelle Knight,Michelle Knight,Writing docs,8/31/2021
10 tips to improve Knowledge Management,Catherine Heath,Writing docs,8/25/2021
Why you need an internal knowledge base for your company,Catherine Heath,Writing docs,8/17/2021
How to create an outstanding knowledge base from scratch,Catherine Heath,Writing docs,08-11-2021
Achieving good enough data quality in your knowledge base – by Michelle Knight,Michelle Knight,Writing docs,08-09-2021
How to write a helpful knowledge base article,Catherine Heath,Writing docs,08-05-2021
The value of customer self-service support,Catherine Heath,Support,7/29/2021
The importance of FAQs for your business,Catherine Heath,Writing docs,7/23/2021
Introduction to DocOps,Catherine Heath,Writing docs,7/19/2021
Find out if your knowledge base is providing enough ROI,Catherine Heath,Support,07-06-2021
8 tips to improve your knowledge base design,Catherine Heath,Writing docs,6/30/2021
Knowledge base metrics to improve performance,Catherine Heath,Writing docs,6/22/2021
How knowledge bases can help remote teams work more collaboratively,Catherine Heath,Tools,06-09-2021
"The ""gift"" of empathy – By Emily Axel",Emily Axel,Support,06-08-2021
Best practices for an awesome knowledge base,Catherine Heath,Writing docs,06-01-2021
Share information remotely with master data and knowledge base management – by Michelle Knight,Michelle Knight,Writing docs,5/17/2021
Choose the optimum keywords to tag your knowledge base articles for search,Catherine Heath,Writing docs,05-11-2021
What's so great about contextual help?,Bri Hillmer,Support,05-10-2021
Write the Docs: Building a style guide from the ground up: lessons learned from a lone writer – Deanna Thompson,Catherine Heath,Writing docs,4/29/2021
Write the Docs: The Secret History of Libraries – Paris Buttfield-Addison,Catherine Heath,Writing docs,4/29/2021
Write the Docs: Putting the “tech” in technical writer – Swapnil Ogale,Catherine Heath,Writing docs,4/29/2021
Write the Docs: Writing a perfect technical tutorial – Jessica Garson,Catherine Heath,Writing docs,4/29/2021
Write the Docs: Writing Documentation with Neurodivergent Open Source Contributors In Mind – Rin Oliver,Catherine Heath,Writing docs,4/29/2021
Write the Docs: Beyond metrics: Using maturity models to develop a docs strategy – Sarah R. Rodlund,Catherine Heath,Writing docs,4/29/2021
Write the Docs: Level Up - Onboarding that enables writers to thrive – Nicola Yap,Catherine Heath,Writing docs,4/29/2021
"Write the Docs: Is Tech Writer a Tester, and Vice Versa, Is Tester a Tech Writer? – Ines Stefanovic",Catherine Heath,Writing docs,4/29/2021
Write the Docs: A guide to getting started in open source – Abigail McCarthy,Catherine Heath,Writing docs,4/29/2021
Write the Docs: Almost None to Some: Driving DISQO's Doc Culture as a Solo Documentarian – Falon Darville,Catherine Heath,Writing docs,4/29/2021
Write the Docs: Invisible influence — the documentation behind UX copy – Katherine Karaus,Catherine Heath,Writing docs,4/29/2021
"Write the Docs: Always complete, never finished – Daniele Procida",Catherine Heath,Writing docs,4/29/2021
Black Lives Still Matter: On accountability,Kate Mueller,Company culture,4/23/2021
Difference between a knowledge base and FAQs,Catherine Heath,Writing docs,4/20/2021
Communicate effectively through a business glossary – Michelle Knight,Michelle Knight,Writing docs,4/19/2021
The line between self-service and neglecting your customers,Catherine Heath,Support,4/13/2021
Can a business ever have too much knowledge?,Catherine Heath,Writing docs,04-07-2021
Knowledge hoarders: why some people won’t share their knowledge,Catherine Heath,Writing docs,3/31/2021
Best practices for authoring end-user documentation in an agile environment,Shweta Naresh,Writing docs,3/25/2021
6 benefits of knowledge management for your customer support team,Catherine Heath,Support,3/23/2021
Improving your data literacy in 2021 – by Michelle Knight,Michelle Knight,Writing docs,3/18/2021
Turn customers into loyal fans with these self-service support tips,Catherine Heath,Support,3/17/2021
Documentation as storytelling: Diction and narration – By Nicholas Graziade,Nicholas Graziade,Writing docs,03-11-2021
Knowledge chaos: when your team needs an internal knowledge base,Catherine Heath,Support,03-09-2021
The new public face of KnowledgeOwl,Kate Mueller,Announcements,03-03-2021
How to keep momentum going with your knowledge base,Catherine Heath,Writing docs,03-03-2021
Automation and integration with Zapier and KnowledgeOwl,Deborah Barnard,Tools,2/24/2021
Why standalone knowledge bases are in a league of their own,Catherine Heath,Tools,2/23/2021
Would you use your own knowledge base?,Catherine Heath,Writing docs,2/16/2021
Should your knowledge base be private?,Catherine Heath,Writing docs,02-09-2021
State of the Parliament 2020,Marybeth Alexander,Company culture,02-08-2021
Using metadata to research context – by Michelle Knight,Michelle Knight,Writing docs,02-04-2021
How to create the best customer experience with your knowledge base,Catherine Heath,Writing docs,02-02-2021
The importance of technical editing in documentation - By Surya Panneer,Surya Panneer,Writing docs,1/28/2021
Use customer feedback to give your knowledge base a boost,Catherine Heath,Writing docs,1/26/2021
The importance of metadata in your knowledge base – By Nicholas Graziade,Nicholas Graziade,Writing docs,1/21/2021
What are best practices for knowledge base articles?,Catherine Heath,Writing docs,1/20/2021
Screenshot tools: a quick comparison – by Chris Ward,Chris Ward,Tools,1/14/2021
What are noteworthy examples of knowledge bases for customers?,Catherine Heath,Writing docs,01-12-2021
Konmari your documentation: 7 steps to sparking joy,Catherine Heath,Writing docs,01-07-2021
Avoid knowledge base tumbleweed: how to get your customers to self serve,Catherine Heath,Support,01-05-2021
What technical writers need to know about data governance – by Michelle Knight,Michelle Knight,Writing docs,12/30/2020
Technical writers as UX advocates – by Shweta Naresh,Shweta Naresh,Writing docs,12/16/2020
Things you don’t think about that are reflections of your brand (hint: some of these are in your docs) - by Gwynne Monahan,Gwynne Monahan,Writing docs,12-09-2020
Three tips to make your content more brain-friendly  – by Tina Lüdtke,Tina Lüdtke,Writing docs,12-03-2020
Business as a source of gratitude: what we're owl thankful for,Marybeth Alexander,Company culture,11/26/2020
From social work to software customer support  – by Emily Axel,Emily Axel,Support,11/19/2020
"Business as a source of joy: swag, stickers, and masks - oh boy!",Marybeth Alexander,Company culture,11/13/2020
Business as a force for good: why we’re pursuing B Corporation certification,Marybeth Alexander,Company culture,11-05-2020
Public speaking tips for tech writers – by Swapnil Ogale,Swapnil Ogale,Writing docs,10/29/2020
Write the Docs Prague 2020: Another successful virtual edition,Deborah Barnard,Writing docs,10/22/2020
Feature spotlight: Synonyms,Kate Mueller,Feature spotlight,10/15/2020
Our new community program: 2% for People and Planet,Kate Mueller,Company culture,10-08-2020
Visioning,Deborah Barnard,Company culture,10-01-2020
Single sourcing part 2: implementation - by Nicholas Graziade,Nicholas Graziade,Writing docs,9/24/2020
Single sourcing part 1: the definition – by Nicholas Graziade,Nicholas Graziade,Writing docs,9/17/2020
Survival tips for virtual events,Deborah Barnard,Writing docs,09-10-2020
Servant leadership,Deborah Barnard,Company culture,09-03-2020
The Art of the Review – by Swapnil Ogale,Swapnil Ogale,Writing docs,8/27/2020
Write The Docs Portland 2020 Conference: A successful virtual edition,Bri Hillmer,Writing docs,8/20/2020
"Style guides: what, why and how",Deborah Barnard,Writing docs,7/30/2020
Tech writing stories from the trenches - by Swapnil Ogale,Swapnil Ogale,Writing docs,7/23/2020
Card sorting: Index cards to the rescue! – By Nicholas Graziade,Nicholas Graziade,Writing docs,7/16/2020
Black Lives Matter,Kate Mueller,Company culture,7/13/2020
After tech writing: where do you go if you want to move on? – By Deborah Barnard,Deborah Barnard,Writing docs,06-02-2020
Building a tech writing portfolio that will win you new clients,Swapnil Ogale,Writing docs,5/26/2020
How API docs became my silver lining – by Swapnil Ogale,Swapnil Ogale,Writing docs,5/15/2020
Zoom meeting etiquette: tips from the KnowledgeOwl team,Catherine Heath,Company culture,05-07-2020
Docs as Code: An introduction for beginners,Deborah Barnard,Writing docs,05-04-2020
Improve your knowledge base Information Architecture by hacking expectations,Nicholas Graziade,Writing docs,4/30/2020
Escaping the drama triangle as a customer support agent: everyone’s a winner,Catherine Heath,Support,4/20/2020
The Disney 3 o’clock parade question: Insights from KnowledgeOwl support team,Catherine Heath,Support,04-10-2020
What is Knowledge Centered Service (KCS) and why do you need it?,Catherine Heath,Writing docs,04-05-2020
Insights into managing a customer request backlog remotely from the team at KnowledgeOwl,Kate Mueller,Company culture,3/23/2020
Tips for using KnowledgeOwl in an ever-changing environment,Kate Mueller,Feature spotlight,3/20/2020
Learning to have more empathy when communicating with customers,Catherine Heath,Support,03-12-2020
Writing content for your company handbook or internal knowledge base,Catherine Heath,Writing docs,03-06-2020
Automation with human intelligence: Jidoka in documentation,Catherine Heath,Writing docs,2/28/2020
The Product is Docs: Writing technical documentation in a product development group [by Splunk],Catherine Heath,Writing docs,2/20/2020
Making customers fall for you this Valentine's Day,Catherine Heath,Support,02-12-2020
How KnowledgeOwl turns lemons into lemonade in customer support,Catherine Heath,Company culture,02-07-2020
Podcast with Kate Mueller: Choosing the Right Knowledge Base Software for Your Organization,Catherine Heath,Tools,1/30/2020
20 funniest (and most confusing) examples of everyday documentation,Catherine Heath,Writing docs,1/23/2020
What we can learn from customer service cultures around the world,Catherine Heath,Support,1/17/2020
How documentation can poka yoke (prevent mistakes) for users,Catherine Heath,Writing docs,01-09-2020
The trick to convincing your customers to use self-service,Catherine Heath,Support,01-03-2020
Reorganizing your knowledge base: a KnowledgeOwl case study,Kate Mueller,Writing docs,12/30/2019
Encouraging knowledge transfer in your company's workplace,Catherine Heath,Writing docs,12/23/2019
Making the case for self-service customer support (with statistics),Catherine Heath,Support,12/16/2019
"What is Contextual Help, and how it can lead to happier users",Catherine Heath,Support,12-12-2019
Japanese knowledge theory: the types of workplace knowledge,Catherine Heath,Writing docs,12-04-2019
The magic of proactive customer support in growing your business,Catherine Heath,Support,11/27/2019
Guide to Knowledge Management and the role of a knowledge base,Catherine Heath,Writing docs,11/25/2019
Keep your content up-to-date and still have time for lunch,Kate Mueller,Writing docs,11/22/2019
Why you need a self-service customer support knowledge base,Catherine Heath,Support,11/18/2019
The benefits of a customer-facing knowledge base for your business,Catherine Heath,Writing docs,11/13/2019
New Customer Mailing Lists Announcement,Kate Mueller,Announcements,11-07-2019
Our favorite productivity tools at KnowledgeOwl,Catherine Heath,Tools,9/19/2019
The Not Boring Tech Writer: Using Your Detective Skills as a Technical Writer,Catherine Heath,Writing docs,9/13/2019
The Not Boring Tech Writer: Transitioning into Tech Writing from Very-Much-Not Tech Writing,Catherine Heath,Writing docs,09-06-2019
Our most important self-care rituals for a remote working culture,Catherine Heath,Company culture,8/31/2019
Too many cooks in the kitchen: Successful knowledge base collaboration,Kate Mueller,Writing docs,7/24/2019
Write the Docs – Technically you can: creating technical content for all audiences by Małgorzata Trojanowska,Catherine Heath,Writing docs,06-07-2019
Write the Docs – How to turn a freight ship around when all you have is a paddle by Elina McCafferty,Catherine Heath,Writing docs,06-07-2019
Write the Docs – How do we know our documentation makes sense? by Anna Losif,Catherine Heath,Writing docs,06-07-2019
Write the Docs Vilnius 2019,Catherine Heath,Writing docs,06-06-2019
Write the Docs – The Legend of Documentation: A markdown to the past by Filipe Mendes,Catherine Heath,Writing docs,06-03-2019
Write the Docs – OMG it's error 5 and the joys of microcopy by Hadas Khen,Catherine Heath,Writing docs,06-03-2019
Write the Docs – Decentralized documentation by Chris Ward,Catherine Heath,Writing docs,06-03-2019
Write the Docs – Localize the docs by Paul Wallace,Catherine Heath,Writing docs,5/26/2019
Write the Docs – Defying the Status Quo: How a grassroots effort can transform an organization by Jodie Putrino,Catherine Heath,Writing docs,5/26/2019
Write the Docs – Draw the docs by Alicja Raszkowska,Catherine Heath,Writing docs,5/25/2019
Write the Docs Portland 2019,Catherine Heath,Writing docs,5/24/2019
Write the Docs – Any friend of the docs is a friend of mine by Heather Stenson,Catherine Heath,Writing docs,5/24/2019
STC Summit – Using evidence to influence decision making by Karen Schriver,Catherine Heath,Writing docs,5/14/2019
STC Summit – Translation and localization techniques in technical writing by Karen Tkaczyk,Catherine Heath,Writing docs,05-11-2019
STC Summit – How sketching is like technical communication by Elizabeth Alley,Catherine Heath,Writing docs,05-10-2019
How we build a company culture around our people,Catherine Heath,Company culture,05-10-2019
STC Summit – Using Knowledge Management to capture and share information by M. Allie Proff,Catherine Heath,Writing docs,05-10-2019
"First-timer at STC Summit 2019 in Denver, Colorado",Catherine Heath,Writing docs,05-09-2019
Terror of the blank page: starting a new documentation project,Catherine Heath,Writing docs,4/18/2019
Learn these psychological techniques to take your documentation up a notch,Catherine Heath,Writing docs,04-05-2019
Psychological principles for knowledge base Information Architecture,Catherine Heath,Writing docs,3/22/2019
Using documentation templates to improve your writing process,Catherine Heath,Writing docs,2/18/2019
Less is more: Minimalism in documentation,Catherine Heath,Writing docs,02-09-2019
Exploring structured content for your documentation,Catherine Heath,Writing docs,1/30/2019
The Not-Boring Tech Writer podcast: Getting your first job in Technical Communication,Catherine Heath,Writing docs,01-10-2019
Why you need an internal knowledge base for your business,Catherine Heath,Writing docs,01-05-2019
The key features of a SaaS knowledge base,Catherine Heath,Writing docs,12/23/2018
The difference between knowledge base software and Help Authoring Tools,Catherine Heath,Tools,12-10-2018
9 technical writer skills you should learn,Catherine Heath,Writing docs,12-06-2018
Search Engine Optimization for your knowledge base,Catherine Heath,Writing docs,12-04-2018
KnowledgeOwl is now available in the Zendesk Marketplace,Catherine Heath,Announcements,11/22/2018
"Interview with Kate Mueller, Support Sorceress and Cheesemonger at KnowledgeOwl",Catherine Heath,Company culture,11/15/2018
Brainstorming our documentation strategy at Write the Docs Prague,Catherine Heath,Company culture,11/15/2018
"Introducing a new, smarter search in KnowledgeOwl",Kate Mueller,Announcements,11-08-2018
Putting users first with knowledge base UX,Catherine Heath,Writing docs,11-08-2018
The untapped value of a self-service knowledge base for your company,Catherine Heath,Support,11-02-2018
How knowledge bases fit into Knowledge Management software,Catherine Heath,Writing docs,10/29/2018
Interviewing Subject Matter Experts for your documentation,Catherine Heath,Writing docs,10/23/2018
The Not-Boring Tech Writer podcast review – Surviving in the Dev World,Catherine Heath,Writing docs,10-11-2018
Spotlight on Jacob Moses and The Not-Boring Tech Writer podcast relaunch,Catherine Heath,Announcements,10-11-2018
Don’t say “simply” in your documentation by Jim Fisher,Catherine Heath,Writing docs,9/26/2018
Learning to love release notes by Anne Edwards,Catherine Heath,Writing docs,9/24/2018
Making video documentation by Sarah Ley-Hamilton,Catherine Heath,Writing docs,9/20/2018
Web accessibility for your documentation by Carolyn Stransky,Catherine Heath,Writing docs,9/19/2018
KnowledgeOwl company trip to Write the Docs Prague 2018,Catherine Heath,Company culture,9/16/2018
Hire a technical writer for your project in 10 steps,Catherine Heath,Writing docs,8/31/2018
Creating the information architecture for your documentation,Catherine Heath,Writing docs,8/16/2018
How to categorize your knowledge base,Catherine Heath,Writing docs,08-10-2018
Where to find helpful knowledge base software reviews in 2018,Catherine Heath,Tools,7/28/2018
Knowledge base software comparison: choose the right solution for your business,Catherine Heath,Tools,7/23/2018
A comparison of standalone knowledge base software,Catherine Heath,Tools,7/18/2018
Standalone knowledge base software guide with links to further reading,Catherine Heath,Tools,7/14/2018
Comprehensive introduction to Write the Docs documentation community,Catherine Heath,Writing docs,6/18/2018
Introductory guide to user documentation with links to further reading,Catherine Heath,Writing docs,06-11-2018
A conference on two continents: Reflections from a Prague and Portland Write the Docs attendee,Catherine Heath,Writing docs,5/18/2018
Research like you’re wrong: Lessons from user research gone rogue,Catherine Heath,Writing docs,5/17/2018
Not the Docs: content and voice on a developer blog,Catherine Heath,Writing docs,5/17/2018
Minimum Viable Documentation – the art of documentation triage,Catherine Heath,Writing docs,5/16/2018
Hiring junior technical writers who can contribute successfully to your team,Catherine Heath,Writing docs,5/16/2018
How to make your code examples in your documentation shine like Stripe,Catherine Heath,Writing docs,5/16/2018
Choosing standalone knowledge base software,Catherine Heath,Tools,4/26/2018
Examples of beautiful docs to inspire your self-service content,Catherine Heath,Writing docs,04-09-2018
Are you making any of these 4 inclusivity mistakes with your docs?,Catherine Heath,Writing docs,3/27/2018
What the British government can teach us about knowledge base UX,Catherine Heath,Writing docs,3/15/2018
Visual communication in your technical writing,Catherine Heath,Tools,03-05-2018
What tools are technical writers using to do their jobs?,Catherine Heath,Tools,2/21/2018
11 documentation writing tips that will save your life (maybe),Catherine Heath,Writing docs,02-02-2018
Plain language is the key to documentation that thrills your users,Catherine Heath,Writing docs,1/25/2018
Learning from Mozilla: documenting the web with developer docs,Catherine Heath,Writing docs,01-05-2018
"Teach, don't tell: How two companies teach users with their documentation",Catherine Heath,Writing docs,12/13/2017
Knowledge base teamwork: 7 steps to producing documentation at scale,Catherine Heath,Writing docs,12-06-2017
How to know when your company needs a knowledge base,Catherine Heath,Writing docs,11/22/2017
4 big companies using product documentation for marketing,Catherine Heath,Writing docs,11/15/2017
The brilliance of Adobe’s embedded contextual help,Catherine Heath,Support,11-01-2017
The pros and cons of crowdsourcing your docs,Catherine Heath,Writing docs,10/26/2017
8 of our favorite documentation sites in the software industry,Catherine Heath,Writing docs,10/17/2017
How to get started writing your end user docs,Catherine Heath,Writing docs,10-03-2017
The docs-like-code approach to documentation production,Catherine Heath,Writing docs,9/27/2017
Write the Docs Prague conference 2017,Catherine Heath,Writing docs,9/19/2017
Use active voice in your documentation for happier readers,Catherine Heath,Writing docs,8/30/2017
The rise of the knowledge economy,Catherine Heath,Writing docs,8/23/2017
Every page is page one for documentation,Catherine Heath,Writing docs,08-08-2017
Avoid sleazy online marketing tactics and respect your customers,Catherine Heath,Company culture,7/14/2017
How software companies can use their knowledge base for abstract content marketing,Catherine Heath,Writing docs,07-06-2017
Hiding your phone number is not self-service success,Catherine Heath,Support,6/27/2017
Topic-based authoring for knowledge bases,Catherine Heath,Writing docs,6/22/2017
12 content marketing guidelines for better content,Catherine Heath,Writing docs,6/13/2017
"Interview: Angie Seaman, Head of Customer Enablement and Engagement at Salsify",Catherine Heath,Customer stories,05-10-2017
"A history of customer choice: software, marketing and ethics",Catherine Heath,Company culture,05-03-2017
"Interview: Bri Hillmer, Documentation Coordinator at SurveyGizmo",Catherine Heath,Customer stories,4/18/2017
Technical writing in the world of SaaS,Catherine Heath,Writing docs,4/13/2017
Spotlight on Write the Docs software documentation community,Catherine Heath,Writing docs,3/23/2017
Why your customer is not your enemy,Catherine Heath,Support,3/15/2017
Define your support content strategy as a marketing function,Catherine Heath,Writing docs,02-09-2017
"Interview: Kelly O’Brien, Self-Service Content Manager at Kayako",Catherine Heath,Customer stories,02-03-2017
KnowledgeOwl is the winner of two LMS awards from FinancesOnline,Catherine Heath,Announcements,1/26/2017
How to convert company knowledge into a winning content marketing formula,Tony Messer,Writing docs,1/17/2017
Using color to wow your knowledge base users,Catherine Heath,Writing docs,01-03-2017
Future-proof your knowledge base for your company,Catherine Heath,Writing docs,12/19/2016
"Need for knowledge: customers haven't changed, products have",Catherine Heath,Support,12/13/2016
Using your knowledge base as a marketing tool for your SaaS business,Catherine Heath,Writing docs,12/13/2016
Does your knowledge base appeal to all ages?,Catherine Heath,Writing docs,11/18/2016
Customer testimonial: Why I use KnowledgeOwl for SurveyGizmo documentation,Bri Hillmer,Customer stories,11/16/2016
Dispatch From a Technical Writer: Inspirations From Disney,Bri Hillmer,Writing docs,11-10-2016
What makes a good feature guide?,Bri Hillmer,Writing docs,10/26/2016
Knowledge base copywriting: the four dimensions of tone of voice,Catherine Heath,Writing docs,10/20/2016
How to use search terms to better answer users' questions,Bri Hillmer,Writing docs,10/18/2016
Extra features to make your knowledge base stand out from the crowd,Catherine Heath,Writing docs,10/14/2016
Knowledge base naming conventions: from docs to FAQs,Catherine Heath,Writing docs,10/13/2016
Why you should include workarounds in your software documentation,Bri Hillmer,Writing docs,10-11-2016
The history of knowledge management for customers,Catherine Heath,Writing docs,10-06-2016
How to work with your development team,Bri Hillmer,Writing docs,10-05-2016
Using Google Analytics to better understand how your software documentation is used,Bri Hillmer,Tools,9/28/2016
How to capitalize your titles and headlines,Bri Hillmer,Writing docs,9/20/2016
What to do if your knowledge base goes wrong,Catherine Heath,Writing docs,9/17/2016
Tools and strategies for keeping documentation up to date,Bri Hillmer,Writing docs,9/13/2016
Let's talk shop: Using knowledge base software to improve retail communications,Stephen Zappia,Support,09-07-2016
Looking for feedback: Taking your software documentation to the next level,Bri Hillmer,Writing docs,09-06-2016
The evolution of a logo: 50 shades of Linus,Stephen Zappia,Announcements,09-01-2016
What is knowledge base software and how can it help your customers?,Catherine Heath,Writing docs,8/29/2016
Why you should allow users to comment in your software documentation,Bri Hillmer,Writing docs,8/28/2016
KnowledgeOwl wins ELGL Choice Award for Top 50 Local Government Companies,Marybeth Alexander,Company culture,8/25/2016
The psychology of self-service: How to dazzle your knowledge base users,Catherine Heath,Writing docs,8/24/2016
Just-in-time documentation: A practical guide to agile documentation,Bri Hillmer,Writing docs,8/23/2016
What is a knowledge base? Don't get caught out at dinner parties.,Catherine Heath,Writing docs,8/22/2016
"We rebuilt our website using our knowledge base software, and here's how we did it",Marybeth Alexander,Announcements,8/19/2016
Just-in-time documentation: Employing agile methodology in documentation,Bri Hillmer,Writing docs,8/17/2016
Your knowledge base as a marketing tool,Marybeth Alexander,Writing docs,03-06-2015
Our blog is outdated and it’s making us look bad,Marybeth Alexander,Company culture,03-04-2015
Letting customers know there’s someone behind the documentation curtain,Bri Hillmer,Writing docs,6/27/2014
Turning a customer mistake into a customer for life,Marybeth Alexander,Company culture,6/13/2014
How to restrict access to online documentation,Marybeth Alexander,Writing docs,06-10-2014
How to connect with customers over phone and email,Holly White,Support,06-10-2014
Sneak Peek: HelpGizmo V4,Marybeth Alexander,Announcements,06-09-2014
Is it “knowledge base” or “knowledgebase”?,Marybeth Alexander,Company culture,06-06-2014
Why you should move to online knowledge base software,Pete Grigg,Tools,06-05-2014
3 benefits of an online internal knowledge base,Pete Grigg,Writing docs,4/29/2014
How HelpGizmo rescued me from a rainforest of pure chaos,Sabrina Stoeffer,Customer stories,4/25/2014
A plea from a documentation coordinator: please tell us the WHY!,Bri Hillmer,Writing docs,4/24/2014
What makes a good technical writer great?,Bri Hillmer,Writing docs,4/21/2014
"The Power of Words, and Why Names Matter",Marybeth Alexander,Company culture,4/18/2014
How to respond to those mysterious email customer service requests,Bri Hillmer,Support,4/17/2014
Stop answering the same questions over and over again,Marybeth Alexander,Writing docs,04-07-2014
3 excuses we make for not having a knowledge base (and why they are wrong),Marybeth Alexander,Writing docs,04-04-2014
Using knowledge base software to create software training materials,Marybeth Alexander,Writing docs,04-03-2014
10 reasons to create a knowledge base right now,Marybeth Alexander,Writing docs,04-02-2014
Why You Need Contextual FAQs,Pete Grigg,Writing docs,04-01-2014
Why your foreign customers love your knowledge base,Marybeth Alexander,Support,3/31/2014
Is KnowledgeOwl the best knowledge base software?,Marybeth Alexander,Tools,3/28/2014
Why your developers should do software documentation,Marybeth Alexander,Company culture,3/27/2014
Too busy to write knowledge base articles? Check your email.,Marybeth Alexander,Writing docs,3/26/2014
Great Knowledge Base Design Cycle,Marybeth Alexander,Writing docs,3/25/2014
Self-service is sexy: What’s so appealing about a knowledge base,Marybeth Alexander,Writing docs,3/24/2014
What is a Knowledge Base?,Pete Grigg,Writing docs,3/21/2014
"Avoid these 4 customer service mistakes, please.",Marybeth Alexander,Support,3/20/2014
5 steps to awesome internal customer service from a developer,Marybeth Alexander,Support,3/19/2014
5 ways to hire great customer service reps,Marybeth Alexander,Support,3/18/2014
Why your knowledge base helps the bottom line,Marybeth Alexander,Writing docs,3/17/2014
The 3-step recipe for great customer service we learned from a deli,Marybeth Alexander,Support,3/14/2014
Self-service is always better than no service,Pete Grigg,Support,3/13/2014
How to Start Building Your Knowledge Base,Pete Grigg,Writing docs,03-12-2014
